entitlement_id,product_id,cust_id,units_purchased,licensed_amount,unit_price,arr,start_date,end_date,is_expansion
E00001,P0165,C0001,1211,1211,31.15,37722.65,2025-07-01,2026-07-01,False
E00002,P0248,C0001,1683,1683,30.49,51314.67,2025-07-01,2026-07-01,False
E00003,P0253,C0001,22,22,40389.74,888574.28,2025-07-01,2026-07-01,False
E00004,P0194,C0001,580,580,111.13,64455.4,2025-07-01,2026-07-01,False
E00005,P0149,C0002,11,11,12500.45,137504.95,2025-07-01,2026-07-01,False
E00006,P0426,C0002,4474,4474,72.74,325438.76,2025-07-01,2026-07-01,False
E00007,P0148,C0002,563,563,32.85,18494.55,2025-07-01,2026-07-01,False
E00008,P0296,C0003,185,185,214.86,39749.1,2025-09-01,2026-09-01,False
E00009,P0137,C0003,775,775,28.44,22041.0,2025-07-01,2026-07-01,False
E00010,P0287,C0004,11,11,42008.29,462091.19,2025-10-01,2026-10-01,False
E00011,P0359,C0004,2,2,39213.91,78427.82,2025-07-01,2026-07-01,False
E00012,P0443,C0004,10,10,47788.37,477883.7,2025-07-01,2026-07-01,False
E00013,P0086,C0004,143,143,102.24,14620.32,2025-07-01,2026-07-01,False
E00014,P0334,C0004,311,311,110.12,34247.32,2025-09-01,2026-09-01,False
E00015,P0114,C0004,5071,5071,74.97,380172.87,2025-10-01,2026-10-01,False
E00016,P0401,C0004,868,868,30.83,26760.44,2025-07-01,2026-07-01,False
E00017,P0139,C0005,17,17,43328.95,736592.15,2025-07-01,2026-07-01,False
E00018,P0483,C0005,390,390,119.2,46488.0,2025-10-01,2026-10-01,False
E00019,P0039,C0005,1341,1341,33.34,44708.94,2025-07-01,2026-07-01,False
E00020,P0371,C0006,463,463,28.21,13061.23,2025-07-01,2026-07-01,False
E00021,P0342,C0006,1741,1741,31.91,55555.31,2025-07-01,2026-07-01,False
E00022,P0148,C0006,438,438,33.76,14786.88,2025-07-01,2026-07-01,False
E00023,P0087,C0006,25,25,39097.7,977442.5,2025-10-01,2026-10-01,False
E00024,P0299,C0006,13,13,35075.8,455985.4,2025-07-01,2026-07-01,False
E00025,P0061,C0006,863,863,40.08,34589.04,2025-08-01,2026-08-01,False
E00026,P0033,C0007,1178,1178,28.62,33714.36,2025-07-01,2026-07-01,False
E00027,P0487,C0007,292,292,72.61,21202.12,2025-10-01,2026-10-01,False
E00028,P0446,C0007,1907,1907,28.27,53910.89,2025-07-01,2026-07-01,False
E00029,P0112,C0007,20,20,34938.01,698760.2,2025-07-01,2026-07-01,False
E00030,P0494,C0007,5,5,27492.58,137462.9,2025-08-01,2026-08-01,False
E00031,P0330,C0007,11564,11564,58.0,670712.0,2025-07-01,2026-07-01,False
E00032,P0464,C0007,14,14,22351.6,312922.4,2025-07-01,2026-07-01,False
E00033,P0366,C0008,9967,9967,77.04,767857.68,2025-07-01,2026-07-01,False
E00034,P0482,C0008,3931,3931,51.31,201699.61,2025-07-01,2026-07-01,False
E00035,P0483,C0008,404,404,131.28,53037.12,2025-07-01,2026-07-01,False
E00036,P0450,C0008,469,469,63.39,29729.91,2025-07-01,2026-07-01,False
E00037,P0209,C0009,7288,7288,69.76,508410.88,2025-07-01,2026-07-01,False
E00038,P0017,C0009,25,25,35829.79,895744.75,2025-10-01,2026-10-01,False
E00039,P0463,C0009,1276,1276,28.46,36314.96,2025-07-01,2026-07-01,False
E00040,P0032,C0009,762,762,34.34,26167.08,2025-07-01,2026-07-01,False
E00041,P0093,C0009,21,21,48675.18,1022178.78,2025-07-01,2026-07-01,False
E00042,P0197,C0009,1616,1616,74.38,120198.08,2025-07-01,2026-07-01,False
E00043,P0088,C0010,512,512,119.93,61404.16,2025-07-01,2026-07-01,False
E00044,P0291,C0010,20,20,27042.34,540846.8,2025-07-01,2026-07-01,False
E00045,P0246,C0010,3,3,40643.47,121930.41,2025-07-01,2026-07-01,False
E00046,P0134,C0010,10151,10151,61.1,620226.1,2025-08-01,2026-08-01,False
E00047,P0391,C0011,29,29,37914.12,1099509.48,2025-07-01,2026-07-01,False
E00048,P0038,C0011,27,27,36655.6,989701.2,2025-07-01,2026-07-01,False
E00049,P0154,C0011,320,320,89.88,28761.6,2025-07-01,2026-07-01,False
E00050,P0234,C0011,286,286,147.01,42044.86,2025-07-01,2026-07-01,False
E00051,P0496,C0011,281,281,96.95,27242.95,2025-10-01,2026-10-01,False
E00052,P0442,C0011,561,561,30.98,17379.78,2025-07-01,2026-07-01,False
E00053,P0138,C0012,11018,11018,104.36,1149838.48,2025-07-01,2026-07-01,False
E00054,P0282,C0012,15,15,19478.82,292182.3,2025-07-01,2026-07-01,False
E00055,P0214,C0012,29,29,44868.75,1301193.75,2025-07-01,2026-07-01,False
E00056,P0236,C0012,29,29,53188.97,1542480.13,2025-07-01,2026-07-01,False
E00057,P0027,C0012,1344,1344,30.06,40400.64,2025-10-01,2026-10-01,False
E00058,P0170,C0012,11950,11950,86.35,1031882.5,2025-07-01,2026-07-01,False
E00059,P0225,C0013,443,443,75.74,33552.82,2025-07-01,2026-07-01,False
E00060,P0076,C0013,8,8,41927.1,335416.8,2025-07-01,2026-07-01,False
E00061,P0053,C0013,10766,10766,44.44,478441.04,2025-07-01,2026-07-01,False
E00062,P0338,C0013,2662,2662,116.17,309244.54,2025-07-01,2026-07-01,False
E00063,P0399,C0013,20,20,41133.61,822672.2,2025-07-01,2026-07-01,False
E00064,P0140,C0013,509,509,34.77,17697.93,2025-09-01,2026-09-01,False
E00065,P0142,C0013,5252,5252,57.66,302830.32,2025-07-01,2026-07-01,False
E00066,P0143,C0014,598,598,123.9,74092.2,2025-07-01,2026-07-01,False
E00067,P0332,C0014,23,23,53592.7,1232632.1,2025-07-01,2026-07-01,False
E00068,P0321,C0014,424,424,82.45,34958.8,2025-07-01,2026-07-01,False
E00069,P0368,C0014,273,273,28.48,7775.04,2025-07-01,2026-07-01,False
E00070,P0285,C0014,68,68,28.79,1957.72,2025-07-01,2026-07-01,False
E00071,P0110,C0015,448,448,29.47,13202.56,2025-07-01,2026-07-01,False
E00072,P0071,C0015,4,4,47765.12,191060.48,2025-07-01,2026-07-01,False
E00073,P0206,C0015,27,27,40089.58,1082418.66,2025-07-01,2026-07-01,False
E00074,P0289,C0015,1700,1700,29.59,50303.0,2025-10-01,2026-10-01,False
E00075,P0405,C0015,348,348,102.61,35708.28,2025-07-01,2026-07-01,False
E00076,P0430,C0015,418,418,84.13,35166.34,2025-08-01,2026-08-01,False
E00077,P0210,C0016,516,516,111.72,57647.52,2025-07-01,2026-07-01,False
E00078,P0139,C0016,3,3,33254.74,99764.22,2025-07-01,2026-07-01,False
E00079,P0326,C0016,1106,1106,31.83,35203.98,2025-07-01,2026-07-01,False
E00080,P0423,C0016,314,314,34.68,10889.52,2025-07-01,2026-07-01,False
E00081,P0296,C0016,466,466,87.97,40994.02,2025-08-01,2026-08-01,False
E00082,P0443,C0017,12,12,24947.49,299369.88,2025-10-01,2026-10-01,False
E00083,P0059,C0017,545,545,32.91,17935.95,2025-07-01,2026-07-01,False
E00084,P0475,C0017,469,469,70.21,32928.49,2025-07-01,2026-07-01,False
E00085,P0433,C0018,11,11,46909.91,516009.01,2025-07-01,2026-07-01,False
E00086,P0114,C0018,1317,1317,99.11,130527.87,2025-09-01,2026-09-01,False
E00087,P0142,C0018,520,520,101.21,52629.2,2025-09-01,2026-09-01,False
E00088,P0193,C0018,1499,1499,30.55,45794.45,2025-07-01,2026-07-01,False
E00089,P0351,C0018,446,446,33.11,14767.06,2025-07-01,2026-07-01,False
E00090,P0445,C0018,4149,4149,91.96,381542.04,2025-07-01,2026-07-01,False
E00091,P0487,C0018,249,249,97.53,24284.97,2025-07-01,2026-07-01,False
E00092,P0027,C0019,1341,1341,32.91,44132.31,2025-07-01,2026-07-01,False
E00093,P0455,C0019,28,28,27083.61,758341.08,2025-07-01,2026-07-01,False
E00094,P0093,C0019,2,2,21649.31,43298.62,2025-07-01,2026-07-01,False
E00095,P0109,C0020,7770,7770,96.33,748484.1,2025-08-01,2026-08-01,False
E00096,P0095,C0020,1095,1095,33.37,36540.15,2025-07-01,2026-07-01,False
E00097,P0300,C0020,521,521,28.61,14905.81,2025-08-01,2026-08-01,False
E00098,P0471,C0020,820,820,31.67,25969.4,2025-09-01,2026-09-01,False
E00099,P0113,C0021,21,21,46088.89,967866.69,2025-07-01,2026-07-01,False
E00100,P0211,C0021,1022,1022,32.97,33695.34,2025-07-01,2026-07-01,False
E00101,P0332,C0021,26,26,42644.87,1108766.62,2025-07-01,2026-07-01,False
E00102,P0381,C0021,2662,2662,60.18,160199.16,2025-07-01,2026-07-01,False
E00103,P0026,C0021,20,20,19579.45,391589.0,2025-07-01,2026-07-01,False
E00104,P0049,C0021,1298,1298,33.51,43495.98,2025-07-01,2026-07-01,False
E00105,P0488,C0022,11744,11744,110.65,1299473.6,2025-10-01,2026-10-01,False
E00106,P0062,C0022,7139,7139,71.69,511794.91,2025-07-01,2026-07-01,False
E00107,P0398,C0022,8,8,37934.25,303474.0,2025-07-01,2026-07-01,False
E00108,P0116,C0022,408,408,30.85,12586.8,2025-07-01,2026-07-01,False
E00109,P0079,C0022,4,4,26857.1,107428.4,2025-07-01,2026-07-01,False
E00110,P0256,C0022,1060,1060,28.94,30676.4,2025-07-01,2026-07-01,False
E00111,P0408,C0023,821,821,29.29,24047.09,2025-08-01,2026-08-01,False
E00112,P0178,C0023,29,29,42517.04,1232994.16,2025-07-01,2026-07-01,False
E00113,P0187,C0023,3659,3659,119.05,435603.95,2025-07-01,2026-07-01,False
E00114,P0221,C0023,1235,1235,34.72,42879.2,2025-07-01,2026-07-01,False
E00115,P0014,C0023,132,132,32.62,4305.84,2025-09-01,2026-09-01,False
E00116,P0450,C0023,473,473,123.76,58538.48,2025-07-01,2026-07-01,False
E00117,P0487,C0024,594,594,107.37,63777.78,2025-07-01,2026-07-01,False
E00118,P0113,C0024,25,25,48489.32,1212233.0,2025-07-01,2026-07-01,False
E00119,P0106,C0024,268,268,28.33,7592.44,2025-07-01,2026-07-01,False
E00120,P0317,C0024,1589,1589,34.22,54375.58,2025-07-01,2026-07-01,False
E00121,P0036,C0024,9,9,20046.7,180420.3,2025-07-01,2026-07-01,False
E00122,P0267,C0024,20,20,34601.76,692035.2,2025-10-01,2026-10-01,False
E00123,P0034,C0025,7013,7013,96.97,680050.61,2025-08-01,2026-08-01,False
E00124,P0308,C0025,2,2,45380.29,90760.58,2025-08-01,2026-08-01,False
E00125,P0141,C0025,24,24,46402.78,1113666.72,2025-10-01,2026-10-01,False
E00126,P0250,C0025,1901,1901,29.62,56307.62,2025-10-01,2026-10-01,False
E00127,P0319,C0026,1941,1941,30.05,58327.05,2025-07-01,2026-07-01,False
E00128,P0375,C0026,341,341,156.98,53530.18,2025-07-01,2026-07-01,False
E00129,P0141,C0026,3,3,52827.16,158481.48,2025-07-01,2026-07-01,False
E00130,P0051,C0027,1194,1194,32.38,38661.72,2025-08-01,2026-08-01,False
E00131,P0313,C0027,429,429,87.75,37644.75,2025-07-01,2026-07-01,False
E00132,P0033,C0027,1056,1056,34.77,36717.12,2025-07-01,2026-07-01,False
E00133,P0455,C0027,3,3,12882.89,38648.67,2025-07-01,2026-07-01,False
E00134,P0248,C0027,1314,1314,30.64,40260.96,2025-07-01,2026-07-01,False
E00135,P0073,C0027,24,24,53014.0,1272336.0,2025-07-01,2026-07-01,False
E00136,P0200,C0027,18,18,14427.49,259694.82,2025-08-01,2026-08-01,False
E00137,P0482,C0028,10932,10932,82.24,899047.68,2025-07-01,2026-07-01,False
E00138,P0476,C0028,16,16,45851.81,733628.96,2025-07-01,2026-07-01,False
E00139,P0367,C0028,6,6,42967.61,257805.66,2025-07-01,2026-07-01,False
E00140,P0444,C0028,1990,1990,29.34,58386.6,2025-10-01,2026-10-01,False
E00141,P0421,C0028,29,29,42173.36,1223027.44,2025-08-01,2026-08-01,False
E00142,P0215,C0028,312,312,94.79,29574.48,2025-07-01,2026-07-01,False
E00143,P0418,C0028,1,1,46667.66,46667.66,2025-07-01,2026-07-01,False
E00144,P0202,C0029,25,25,49391.06,1234776.5,2025-07-01,2026-07-01,False
E00145,P0403,C0029,421,421,121.04,50957.84,2025-07-01,2026-07-01,False
E00146,P0422,C0029,10,10,28483.86,284838.6,2025-07-01,2026-07-01,False
E00147,P0226,C0029,208,208,208.93,43457.44,2025-07-01,2026-07-01,False
E00148,P0211,C0029,1961,1961,32.49,63712.89,2025-07-01,2026-07-01,False
E00149,P0362,C0029,12,12,30568.15,366817.8,2025-07-01,2026-07-01,False
E00150,P0396,C0029,1652,1652,33.29,54995.08,2025-07-01,2026-07-01,False
E00151,P0474,C0030,8,8,26225.81,209806.48,2025-07-01,2026-07-01,False
E00152,P0132,C0030,1086,1086,30.72,33361.92,2025-07-01,2026-07-01,False
E00153,P0352,C0030,24,24,26227.63,629463.12,2025-10-01,2026-10-01,False
E00154,P0018,C0030,578,578,128.54,74296.12,2025-07-01,2026-07-01,False
E00155,P0068,C0030,21,21,52689.53,1106480.13,2025-07-01,2026-07-01,False
E00156,P0387,C0030,9,9,31146.12,280315.08,2025-07-01,2026-07-01,False
E00157,P0014,C0031,249,249,32.63,8124.87,2025-07-01,2026-07-01,False
E00158,P0138,C0031,9261,9261,102.45,948789.45,2025-10-01,2026-10-01,False
E00159,P0086,C0031,1215,1215,126.84,154110.6,2025-07-01,2026-07-01,False
E00160,P0409,C0032,1543,1543,29.8,45981.4,2025-10-01,2026-10-01,False
E00161,P0023,C0032,16,16,53528.88,856462.08,2025-07-01,2026-07-01,False
E00162,P0329,C0032,11991,11991,120.88,1449472.08,2025-07-01,2026-07-01,False
E00163,P0122,C0032,112,112,133.58,14960.96,2025-07-01,2026-07-01,False
E00164,P0053,C0033,4449,4449,88.9,395516.1,2025-08-01,2026-08-01,False
E00165,P0344,C0033,17,17,50456.09,857753.53,2025-07-01,2026-07-01,False
E00166,P0398,C0034,7,7,49350.37,345452.59,2025-07-01,2026-07-01,False
E00167,P0234,C0034,288,288,130.5,37584.0,2025-07-01,2026-07-01,False
E00168,P0391,C0034,19,19,43022.13,817420.47,2025-07-01,2026-07-01,False
E00169,P0409,C0034,576,576,32.31,18610.56,2025-10-01,2026-10-01,False
E00170,P0220,C0034,993,993,30.3,30087.9,2025-10-01,2026-10-01,False
E00171,P0319,C0034,1171,1171,33.07,38724.97,2025-07-01,2026-07-01,False
E00172,P0387,C0034,24,24,48505.3,1164127.2,2025-07-01,2026-07-01,False
E00173,P0441,C0035,6829,6829,75.6,516272.4,2025-07-01,2026-07-01,False
E00174,P0235,C0035,31,31,199.24,6176.44,2025-09-01,2026-09-01,False
E00175,P0299,C0035,8,8,12814.78,102518.24,2025-09-01,2026-09-01,False
E00176,P0478,C0035,19,19,12025.57,228485.83,2025-08-01,2026-08-01,False
E00177,P0456,C0035,4,4,18257.7,73030.8,2025-10-01,2026-10-01,False
E00178,P0125,C0036,289,289,197.84,57175.76,2025-07-01,2026-07-01,False
E00179,P0361,C0036,3770,3770,94.53,356378.1,2025-07-01,2026-07-01,False
E00180,P0440,C0036,585,585,30.28,17713.8,2025-07-01,2026-07-01,False
E00181,P0375,C0036,526,526,146.3,76953.8,2025-09-01,2026-09-01,False
E00182,P0121,C0036,3150,3150,115.93,365179.5,2025-07-01,2026-07-01,False
E00183,P0413,C0037,9,9,15901.02,143109.18,2025-10-01,2026-10-01,False
E00184,P0157,C0037,355,355,94.59,33579.45,2025-07-01,2026-07-01,False
E00185,P0406,C0038,5,5,11310.91,56554.55,2025-07-01,2026-07-01,False
E00186,P0493,C0038,1209,1209,30.36,36705.24,2025-07-01,2026-07-01,False
E00187,P0162,C0038,1453,1453,32.49,47207.97,2025-07-01,2026-07-01,False
E00188,P0418,C0038,2,2,41390.48,82780.96,2025-07-01,2026-07-01,False
E00189,P0402,C0039,347,347,34.21,11870.87,2025-07-01,2026-07-01,False
E00190,P0223,C0039,537,537,86.98,46708.26,2025-07-01,2026-07-01,False
E00191,P0310,C0039,586,586,31.7,18576.2,2025-09-01,2026-09-01,False
E00192,P0372,C0039,14,14,11679.97,163519.58,2025-07-01,2026-07-01,False
E00193,P0413,C0039,5,5,29756.66,148783.3,2025-07-01,2026-07-01,False
E00194,P0314,C0040,1151,1151,33.36,38397.36,2025-07-01,2026-07-01,False
E00195,P0054,C0040,1,1,53570.75,53570.75,2025-07-01,2026-07-01,False
E00196,P0116,C0040,1269,1269,33.03,41915.07,2025-07-01,2026-07-01,False
E00197,P0096,C0040,827,827,102.18,84502.86,2025-07-01,2026-07-01,False
E00198,P0330,C0040,11185,11185,66.31,741677.35,2025-07-01,2026-07-01,False
E00199,P0205,C0040,1558,1558,34.0,52972.0,2025-07-01,2026-07-01,False
E00200,P0289,C0040,1562,1562,30.04,46922.48,2025-07-01,2026-07-01,False
E00201,P0120,C0041,11,11,50185.25,552037.75,2025-07-01,2026-07-01,False
E00202,P0224,C0041,406,406,29.2,11855.2,2025-07-01,2026-07-01,False
E00203,P0118,C0041,12,12,54232.73,650792.76,2025-07-01,2026-07-01,False
E00204,P0154,C0041,115,115,208.35,23960.25,2025-07-01,2026-07-01,False
E00205,P0439,C0042,445,445,98.33,43756.85,2025-07-01,2026-07-01,False
E00206,P0081,C0042,167,167,213.63,35676.21,2025-07-01,2026-07-01,False
E00207,P0409,C0042,1800,1800,33.71,60678.0,2025-07-01,2026-07-01,False
E00208,P0423,C0043,815,815,28.22,22999.3,2025-07-01,2026-07-01,False
E00209,P0177,C0043,1301,1301,54.35,70709.35,2025-07-01,2026-07-01,False
E00210,P0041,C0043,361,361,30.07,10855.27,2025-07-01,2026-07-01,False
E00211,P0229,C0043,244,244,210.66,51401.04,2025-07-01,2026-07-01,False
E00212,P0251,C0043,1,1,34098.14,34098.14,2025-07-01,2026-07-01,False
E00213,P0287,C0044,5,5,54882.08,274410.4,2025-07-01,2026-07-01,False
E00214,P0479,C0044,26,26,22299.9,579797.4,2025-10-01,2026-10-01,False
E00215,P0007,C0045,18,18,48297.34,869352.12,2025-07-01,2026-07-01,False
E00216,P0096,C0045,7144,7144,88.39,631458.16,2025-07-01,2026-07-01,False
E00217,P0079,C0045,16,16,28016.52,448264.32,2025-07-01,2026-07-01,False
E00218,P0366,C0045,10882,10882,40.19,437347.58,2025-07-01,2026-07-01,False
E00219,P0169,C0045,1751,1751,34.42,60269.42,2025-07-01,2026-07-01,False
E00220,P0010,C0046,5552,5552,43.55,241789.6,2025-07-01,2026-07-01,False
E00221,P0378,C0046,3,3,48846.56,146539.68,2025-07-01,2026-07-01,False
E00222,P0495,C0046,5,5,24087.25,120436.25,2025-07-01,2026-07-01,False
E00223,P0479,C0046,25,25,42090.69,1052267.25,2025-07-01,2026-07-01,False
E00224,P0297,C0046,23,23,28246.92,649679.16,2025-07-01,2026-07-01,False
E00225,P0237,C0047,24,24,16219.13,389259.12,2025-10-01,2026-10-01,False
E00226,P0210,C0047,437,437,191.3,83598.1,2025-07-01,2026-07-01,False
E00227,P0431,C0047,744,744,100.23,74571.12,2025-09-01,2026-09-01,False
E00228,P0069,C0048,11279,11279,116.93,1318853.47,2025-07-01,2026-07-01,False
E00229,P0270,C0048,4767,4767,57.02,271814.34,2025-08-01,2026-08-01,False
E00230,P0047,C0049,391,391,70.44,27542.04,2025-07-01,2026-07-01,False
E00231,P0371,C0049,1700,1700,33.96,57732.0,2025-07-01,2026-07-01,False
E00232,P0465,C0049,17,17,39158.62,665696.54,2025-07-01,2026-07-01,False
E00233,P0363,C0049,17,17,46845.53,796374.01,2025-07-01,2026-07-01,False
E00234,P0141,C0050,27,27,44685.32,1206503.64,2025-07-01,2026-07-01,False
E00235,P0121,C0050,2911,2911,124.16,361429.76,2025-07-01,2026-07-01,False
E00236,P0255,C0051,878,878,31.49,27648.22,2025-07-01,2026-07-01,False
E00237,P0145,C0051,1480,1480,29.93,44296.4,2025-07-01,2026-07-01,False
E00238,P0236,C0051,19,19,54948.46,1044020.74,2025-07-01,2026-07-01,False
E00239,P0258,C0051,177,177,180.82,32005.14,2025-10-01,2026-10-01,False
E00240,P0208,C0052,392,392,189.25,74186.0,2025-09-01,2026-09-01,False
E00241,P0031,C0052,1426,1426,30.18,43036.68,2025-08-01,2026-08-01,False
E00242,P0344,C0052,15,15,10056.44,150846.6,2025-07-01,2026-07-01,False
E00243,P0028,C0052,10801,10801,125.49,1355417.49,2025-10-01,2026-10-01,False
E00244,P0338,C0052,8427,8427,125.65,1058852.55,2025-07-01,2026-07-01,False
E00245,P0434,C0052,977,977,28.39,27737.03,2025-07-01,2026-07-01,False
E00246,P0199,C0053,23,23,19807.87,455581.01,2025-07-01,2026-07-01,False
E00247,P0239,C0053,232,232,128.23,29749.36,2025-07-01,2026-07-01,False
E00248,P0434,C0053,1689,1689,34.82,58810.98,2025-07-01,2026-07-01,False
E00249,P0151,C0054,1496,1496,30.63,45822.48,2025-07-01,2026-07-01,False
E00250,P0208,C0054,309,309,101.8,31456.2,2025-07-01,2026-07-01,False
E00251,P0254,C0054,21,21,24155.85,507272.85,2025-07-01,2026-07-01,False
E00252,P0456,C0054,18,18,15724.35,283038.3,2025-07-01,2026-07-01,False
E00253,P0347,C0054,61,61,165.09,10070.49,2025-07-01,2026-07-01,False
E00254,P0076,C0054,24,24,21062.79,505506.96,2025-07-01,2026-07-01,False
E00255,P0419,C0054,20,20,15452.57,309051.4,2025-07-01,2026-07-01,False
E00256,P0160,C0055,348,348,34.57,12030.36,2025-09-01,2026-09-01,False
E00257,P0473,C0055,1,1,39461.38,39461.38,2025-10-01,2026-10-01,False
E00258,P0136,C0055,7875,7875,117.36,924210.0,2025-07-01,2026-07-01,False
E00259,P0114,C0055,1727,1727,114.78,198225.06,2025-07-01,2026-07-01,False
E00260,P0093,C0055,19,19,17101.79,324934.01,2025-07-01,2026-07-01,False
E00261,P0108,C0055,26,26,18096.89,470519.14,2025-09-01,2026-09-01,False
E00262,P0482,C0055,6577,6577,124.22,816994.94,2025-07-01,2026-07-01,False
E00263,P0419,C0056,28,28,32715.3,916028.4,2025-07-01,2026-07-01,False
E00264,P0208,C0056,400,400,79.78,31912.0,2025-07-01,2026-07-01,False
E00265,P0162,C0056,688,688,30.88,21245.44,2025-07-01,2026-07-01,False
E00266,P0051,C0056,939,939,29.28,27493.92,2025-07-01,2026-07-01,False
E00267,P0460,C0056,16,16,14688.05,235008.8,2025-10-01,2026-10-01,False
E00268,P0340,C0056,7,7,8594.87,60164.09,2025-07-01,2026-07-01,False
E00269,P0351,C0057,791,791,31.55,24956.05,2025-07-01,2026-07-01,False
E00270,P0283,C0057,29,29,50984.96,1478563.84,2025-07-01,2026-07-01,False
E00271,P0239,C0057,423,423,74.07,31331.61,2025-08-01,2026-08-01,False
E00272,P0227,C0057,6,6,15086.26,90517.56,2025-08-01,2026-08-01,False
E00273,P0453,C0057,23,23,38134.65,877096.95,2025-07-01,2026-07-01,False
E00274,P0175,C0057,1840,1840,94.53,173935.2,2025-07-01,2026-07-01,False
E00275,P0346,C0058,580,580,33.68,19534.4,2025-09-01,2026-09-01,False
E00276,P0186,C0058,437,437,114.99,50250.63,2025-07-01,2026-07-01,False
E00277,P0370,C0058,929,929,32.02,29746.58,2025-07-01,2026-07-01,False
E00278,P0364,C0058,773,773,34.62,26761.26,2025-07-01,2026-07-01,False
E00279,P0098,C0058,513,513,28.08,14405.04,2025-07-01,2026-07-01,False
E00280,P0460,C0058,21,21,46378.09,973939.89,2025-07-01,2026-07-01,False
E00281,P0346,C0059,545,545,33.05,18012.25,2025-07-01,2026-07-01,False
E00282,P0018,C0059,5671,5671,89.19,505796.49,2025-10-01,2026-10-01,False
E00283,P0187,C0059,6380,6380,77.18,492408.4,2025-07-01,2026-07-01,False
E00284,P0219,C0059,1745,1745,31.27,54566.15,2025-09-01,2026-09-01,False
E00285,P0191,C0059,26,26,22659.71,589152.46,2025-07-01,2026-07-01,False
E00286,P0173,C0059,4235,4235,112.28,475505.8,2025-07-01,2026-07-01,False
E00287,P0188,C0059,11071,11071,59.1,654296.1,2025-09-01,2026-09-01,False
E00288,P0378,C0060,1,1,46672.12,46672.12,2025-07-01,2026-07-01,False
E00289,P0160,C0060,1347,1347,33.04,44504.88,2025-07-01,2026-07-01,False
E00290,P0288,C0060,799,799,28.17,22507.83,2025-10-01,2026-10-01,False
E00291,P0470,C0060,2713,2713,103.45,280659.85,2025-07-01,2026-07-01,False
E00292,P0338,C0060,7058,7058,56.68,400047.44,2025-07-01,2026-07-01,False
E00293,P0109,C0060,3118,3118,91.44,285109.92,2025-07-01,2026-07-01,False
E00294,P0289,C0060,1246,1246,32.48,40470.08,2025-09-01,2026-09-01,False
E00295,P0225,C0061,505,505,93.45,47192.25,2025-07-01,2026-07-01,False
E00296,P0279,C0061,1089,1089,28.07,30568.23,2025-07-01,2026-07-01,False
E00297,P0296,C0062,109,109,201.39,21951.51,2025-07-01,2026-07-01,False
E00298,P0414,C0062,909,909,32.48,29524.32,2025-07-01,2026-07-01,False
E00299,P0473,C0062,12,12,14824.24,177890.88,2025-07-01,2026-07-01,False
E00300,P0101,C0063,490,490,169.64,83123.6,2025-07-01,2026-07-01,False
E00301,P0295,C0063,1764,1764,62.72,110638.08,2025-07-01,2026-07-01,False
E00302,P0231,C0063,441,441,165.82,73126.62,2025-07-01,2026-07-01,False
E00303,P0430,C0064,388,388,194.16,75334.08,2025-07-01,2026-07-01,False
E00304,P0316,C0064,810,810,33.53,27159.3,2025-07-01,2026-07-01,False
E00305,P0399,C0064,17,17,19862.99,337670.83,2025-08-01,2026-08-01,False
E00306,P0003,C0064,13,13,8420.57,109467.41,2025-07-01,2026-07-01,False
E00307,P0005,C0065,505,505,152.09,76805.45,2025-07-01,2026-07-01,False
E00308,P0045,C0065,1779,1779,32.63,58048.77,2025-07-01,2026-07-01,False
E00309,P0362,C0065,14,14,15879.02,222306.28,2025-07-01,2026-07-01,False
E00310,P0485,C0065,18,18,11708.87,210759.66,2025-09-01,2026-09-01,False
E00311,P0305,C0065,10290,10290,111.66,1148981.4,2025-07-01,2026-07-01,False
E00312,P0049,C0066,1446,1446,29.33,42411.18,2025-07-01,2026-07-01,False
E00313,P0206,C0066,5,5,45565.55,227827.75,2025-07-01,2026-07-01,False
E00314,P0217,C0066,7652,7652,122.45,936987.4,2025-07-01,2026-07-01,False
E00315,P0392,C0066,477,477,90.42,43130.34,2025-10-01,2026-10-01,False
E00316,P0330,C0067,4671,4671,84.87,396427.77,2025-07-01,2026-07-01,False
E00317,P0221,C0067,936,936,28.86,27012.96,2025-07-01,2026-07-01,False
E00318,P0278,C0067,22,22,19769.92,434938.24,2025-07-01,2026-07-01,False
E00319,P0460,C0067,24,24,22497.42,539938.08,2025-07-01,2026-07-01,False
E00320,P0074,C0068,1720,1720,32.73,56295.6,2025-07-01,2026-07-01,False
E00321,P0387,C0068,17,17,53785.28,914349.76,2025-10-01,2026-10-01,False
E00322,P0331,C0068,272,272,202.48,55074.56,2025-07-01,2026-07-01,False
E00323,P0352,C0068,2,2,16317.13,32634.26,2025-07-01,2026-07-01,False
E00324,P0204,C0069,10878,10878,82.09,892975.02,2025-07-01,2026-07-01,False
E00325,P0373,C0069,7652,7652,70.72,541149.44,2025-07-01,2026-07-01,False
E00326,P0341,C0069,297,297,32.26,9581.22,2025-07-01,2026-07-01,False
E00327,P0001,C0069,17,17,47123.78,801104.26,2025-07-01,2026-07-01,False
E00328,P0089,C0070,593,593,34.06,20197.58,2025-07-01,2026-07-01,False
E00329,P0394,C0070,187,187,29.48,5512.76,2025-07-01,2026-07-01,False
E00330,P0255,C0070,1318,1318,30.15,39737.7,2025-07-01,2026-07-01,False
E00331,P0026,C0070,3,3,12188.5,36565.5,2025-07-01,2026-07-01,False
E00332,P0116,C0071,1083,1083,30.68,33226.44,2025-07-01,2026-07-01,False
E00333,P0057,C0071,1758,1758,49.25,86581.5,2025-07-01,2026-07-01,False
E00334,P0317,C0071,1835,1835,28.94,53104.9,2025-07-01,2026-07-01,False
E00335,P0007,C0071,28,28,13654.08,382314.24,2025-07-01,2026-07-01,False
E00336,P0482,C0071,8545,8545,96.96,828523.2,2025-07-01,2026-07-01,False
E00337,P0496,C0071,488,488,147.69,72072.72,2025-09-01,2026-09-01,False
E00338,P0267,C0071,24,24,38747.94,929950.56,2025-07-01,2026-07-01,False
E00339,P0377,C0072,1031,1031,29.47,30383.57,2025-07-01,2026-07-01,False
E00340,P0253,C0072,3,3,42143.69,126431.07,2025-07-01,2026-07-01,False
E00341,P0096,C0072,8950,8950,105.03,940018.5,2025-07-01,2026-07-01,False
E00342,P0054,C0072,26,26,41397.6,1076337.6,2025-07-01,2026-07-01,False
E00343,P0019,C0072,244,244,115.75,28243.0,2025-07-01,2026-07-01,False
E00344,P0214,C0072,14,14,33380.31,467324.34,2025-07-01,2026-07-01,False
E00345,P0432,C0072,1609,1609,33.6,54062.4,2025-07-01,2026-07-01,False
E00346,P0191,C0073,9,9,33707.28,303365.52,2025-07-01,2026-07-01,False
E00347,P0302,C0073,201,201,79.25,15929.25,2025-07-01,2026-07-01,False
E00348,P0457,C0073,1488,1488,30.63,45577.44,2025-07-01,2026-07-01,False
E00349,P0442,C0073,877,877,29.05,25476.85,2025-07-01,2026-07-01,False
E00350,P0399,C0074,8,8,21175.0,169400.0,2025-07-01,2026-07-01,False
E00351,P0132,C0074,111,111,32.37,3593.07,2025-07-01,2026-07-01,False
E00352,P0076,C0074,16,16,53693.01,859088.16,2025-07-01,2026-07-01,False
E00353,P0128,C0074,4,4,29744.04,118976.16,2025-07-01,2026-07-01,False
E00354,P0268,C0074,178,178,31.81,5662.18,2025-07-01,2026-07-01,False
E00355,P0150,C0075,200,200,146.59,29318.0,2025-07-01,2026-07-01,False
E00356,P0302,C0075,314,314,155.67,48880.38,2025-07-01,2026-07-01,False
E00357,P0143,C0075,78,78,83.69,6527.82,2025-07-01,2026-07-01,False
E00358,P0437,C0075,396,396,29.23,11575.08,2025-07-01,2026-07-01,False
E00359,P0255,C0075,1443,1443,29.17,42092.31,2025-07-01,2026-07-01,False
E00360,P0352,C0076,17,17,38388.45,652603.65,2025-07-01,2026-07-01,False
E00361,P0100,C0076,25,25,31666.19,791654.75,2025-07-01,2026-07-01,False
E00362,P0049,C0076,1711,1711,30.73,52579.03,2025-07-01,2026-07-01,False
E00363,P0481,C0076,1361,1361,34.98,47607.78,2025-07-01,2026-07-01,False
E00364,P0123,C0077,1666,1666,30.5,50813.0,2025-07-01,2026-07-01,False
E00365,P0163,C0077,4246,4246,57.74,245164.04,2025-07-01,2026-07-01,False
E00366,P0028,C0077,3489,3489,55.01,191929.89,2025-08-01,2026-08-01,False
E00367,P0086,C0077,6333,6333,52.92,335142.36,2025-07-01,2026-07-01,False
E00368,P0360,C0077,273,273,144.48,39443.04,2025-07-01,2026-07-01,False
E00369,P0425,C0078,1113,1113,79.6,88594.8,2025-09-01,2026-09-01,False
E00370,P0285,C0078,413,413,28.75,11873.75,2025-07-01,2026-07-01,False
E00371,P0160,C0078,363,363,31.46,11419.98,2025-10-01,2026-10-01,False
E00372,P0400,C0079,8015,8015,89.67,718705.05,2025-07-01,2026-07-01,False
E00373,P0156,C0079,121,121,30.85,3732.85,2025-07-01,2026-07-01,False
E00374,P0452,C0079,10,10,25943.93,259439.3,2025-07-01,2026-07-01,False
E00375,P0073,C0079,23,23,30794.52,708273.96,2025-10-01,2026-10-01,False
E00376,P0095,C0079,625,625,31.32,19575.0,2025-09-01,2026-09-01,False
E00377,P0417,C0079,18,18,46178.14,831206.52,2025-07-01,2026-07-01,False
E00378,P0139,C0079,1,1,24670.35,24670.35,2025-07-01,2026-07-01,False
E00379,P0413,C0080,18,18,8591.38,154644.84,2025-07-01,2026-07-01,False
E00380,P0298,C0080,966,966,32.83,31713.78,2025-09-01,2026-09-01,False
E00381,P0487,C0080,355,355,166.02,58937.1,2025-07-01,2026-07-01,False
E00382,P0332,C0080,26,26,29596.73,769514.98,2025-07-01,2026-07-01,False
E00383,P0483,C0081,443,443,116.27,51507.61,2025-09-01,2026-09-01,False
E00384,P0104,C0081,3498,3498,114.1,399121.8,2025-07-01,2026-07-01,False
E00385,P0059,C0081,1948,1948,31.52,61400.96,2025-07-01,2026-07-01,False
E00386,P0364,C0081,1923,1923,34.16,65689.68,2025-08-01,2026-08-01,False
E00387,P0317,C0081,408,408,33.41,13631.28,2025-07-01,2026-07-01,False
E00388,P0150,C0081,549,549,99.21,54466.29,2025-07-01,2026-07-01,False
E00389,P0046,C0082,11,11,40311.98,443431.78,2025-07-01,2026-07-01,False
E00390,P0442,C0082,775,775,28.62,22180.5,2025-07-01,2026-07-01,False
E00391,P0096,C0082,2485,2485,62.02,154119.7,2025-07-01,2026-07-01,False
E00392,P0370,C0083,1873,1873,33.32,62408.36,2025-07-01,2026-07-01,False
E00393,P0158,C0083,25,25,14604.33,365108.25,2025-07-01,2026-07-01,False
E00394,P0006,C0083,12,12,45771.55,549258.6,2025-07-01,2026-07-01,False
E00395,P0321,C0083,189,189,67.51,12759.39,2025-08-01,2026-08-01,False
E00396,P0143,C0083,190,190,69.78,13258.2,2025-07-01,2026-07-01,False
E00397,P0323,C0083,441,441,175.86,77554.26,2025-07-01,2026-07-01,False
E00398,P0036,C0083,11,11,12909.33,142002.63,2025-07-01,2026-07-01,False
E00399,P0061,C0084,11007,11007,95.17,1047536.19,2025-07-01,2026-07-01,False
E00400,P0157,C0084,592,592,98.12,58087.04,2025-08-01,2026-08-01,False
E00401,P0293,C0084,10097,10097,126.62,1278482.14,2025-07-01,2026-07-01,False
E00402,P0338,C0084,11347,11347,101.87,1155918.89,2025-07-01,2026-07-01,False
E00403,P0343,C0084,1775,1775,28.73,50995.75,2025-07-01,2026-07-01,False
E00404,P0075,C0084,1640,1640,87.28,143139.2,2025-07-01,2026-07-01,False
E00405,P0123,C0085,899,899,31.42,28246.58,2025-08-01,2026-08-01,False
E00406,P0179,C0085,13,13,41998.12,545975.56,2025-07-01,2026-07-01,False
E00407,P0145,C0086,200,200,28.73,5746.0,2025-07-01,2026-07-01,False
E00408,P0331,C0086,215,215,203.58,43769.7,2025-07-01,2026-07-01,False
E00409,P0116,C0086,1635,1635,28.73,46973.55,2025-07-01,2026-07-01,False
E00410,P0023,C0086,14,14,23308.74,326322.36,2025-07-01,2026-07-01,False
E00411,P0164,C0086,10,10,31761.48,317614.8,2025-07-01,2026-07-01,False
E00412,P0313,C0086,328,328,82.33,27004.24,2025-07-01,2026-07-01,False
E00413,P0247,C0087,816,816,31.4,25622.4,2025-07-01,2026-07-01,False
E00414,P0064,C0087,113,113,72.64,8208.32,2025-07-01,2026-07-01,False
E00415,P0006,C0087,10,10,34409.44,344094.4,2025-07-01,2026-07-01,False
E00416,P0427,C0087,4670,4670,93.15,435010.5,2025-07-01,2026-07-01,False
E00417,P0486,C0088,6600,6600,118.41,781506.0,2025-07-01,2026-07-01,False
E00418,P0439,C0088,11711,11711,69.58,814851.38,2025-07-01,2026-07-01,False
E00419,P0477,C0088,268,268,30.04,8050.72,2025-07-01,2026-07-01,False
E00420,P0100,C0088,22,22,44927.38,988402.36,2025-07-01,2026-07-01,False
E00421,P0422,C0088,18,18,14926.78,268682.04,2025-07-01,2026-07-01,False
E00422,P0150,C0088,301,301,116.98,35210.98,2025-07-01,2026-07-01,False
E00423,P0392,C0089,643,643,105.89,68087.27,2025-07-01,2026-07-01,False
E00424,P0200,C0089,8,8,33473.81,267790.48,2025-07-01,2026-07-01,False
E00425,P0008,C0089,8823,8823,119.01,1050025.23,2025-07-01,2026-07-01,False
E00426,P0437,C0089,1963,1963,31.71,62246.73,2025-07-01,2026-07-01,False
E00427,P0440,C0089,1220,1220,33.29,40613.8,2025-07-01,2026-07-01,False
E00428,P0310,C0089,862,862,33.37,28764.94,2025-07-01,2026-07-01,False
E00429,P0367,C0090,26,26,43598.31,1133556.06,2025-07-01,2026-07-01,False
E00430,P0243,C0090,6667,6667,105.59,703968.53,2025-09-01,2026-09-01,False
E00431,P0205,C0090,238,238,32.1,7639.8,2025-07-01,2026-07-01,False
E00432,P0328,C0091,4185,4185,105.08,439759.8,2025-07-01,2026-07-01,False
E00433,P0395,C0091,540,540,156.25,84375.0,2025-07-01,2026-07-01,False
E00434,P0334,C0091,293,293,108.04,31655.72,2025-07-01,2026-07-01,False
E00435,P0093,C0092,26,26,9000.83,234021.58,2025-09-01,2026-09-01,False
E00436,P0015,C0092,18,18,40401.19,727221.42,2025-10-01,2026-10-01,False
E00437,P0188,C0092,10483,10483,113.58,1190659.14,2025-07-01,2026-07-01,False
E00438,P0168,C0092,26,26,9119.45,237105.7,2025-07-01,2026-07-01,False
E00439,P0238,C0093,3299,3299,119.94,395682.06,2025-07-01,2026-07-01,False
E00440,P0214,C0093,21,21,11647.21,244591.41,2025-10-01,2026-10-01,False
E00441,P0156,C0093,1444,1444,32.85,47435.4,2025-09-01,2026-09-01,False
E00442,P0137,C0093,969,969,29.62,28701.78,2025-07-01,2026-07-01,False
E00443,P0273,C0094,471,471,212.12,99908.52,2025-07-01,2026-07-01,False
E00444,P0075,C0094,4111,4111,50.78,208756.58,2025-07-01,2026-07-01,False
E00445,P0120,C0095,2,2,47961.85,95923.7,2025-09-01,2026-09-01,False
E00446,P0106,C0095,595,595,32.51,19343.45,2025-07-01,2026-07-01,False
E00447,P0321,C0095,172,172,149.04,25634.88,2025-07-01,2026-07-01,False
E00448,P0309,C0095,9016,9016,119.33,1075879.28,2025-07-01,2026-07-01,False
E00449,P0230,C0095,26,26,26962.71,701030.46,2025-07-01,2026-07-01,False
E00450,P0434,C0096,170,170,30.18,5130.6,2025-07-01,2026-07-01,False
E00451,P0371,C0096,406,406,33.9,13763.4,2025-09-01,2026-09-01,False
E00452,P0280,C0096,7197,7197,109.86,790662.42,2025-08-01,2026-08-01,False
E00453,P0154,C0096,495,495,196.58,97307.1,2025-07-01,2026-07-01,False
E00454,P0200,C0096,2,2,53558.39,107116.78,2025-08-01,2026-08-01,False
E00455,P0157,C0096,326,326,71.28,23237.28,2025-07-01,2026-07-01,False
E00456,P0163,C0097,6804,6804,67.9,461991.6,2025-09-01,2026-09-01,False
E00457,P0449,C0097,39,39,209.28,8161.92,2025-07-01,2026-07-01,False
E00458,P0071,C0097,20,20,36565.18,731303.6,2025-08-01,2026-08-01,False
E00459,P0427,C0097,10853,10853,105.81,1148355.93,2025-07-01,2026-07-01,False
E00460,P0162,C0097,655,655,34.02,22283.1,2025-07-01,2026-07-01,False
E00461,P0038,C0097,1,1,18257.81,18257.81,2025-07-01,2026-07-01,False
E00462,P0024,C0097,25,25,54575.58,1364389.5,2025-10-01,2026-10-01,False
E00463,P0154,C0098,275,275,202.5,55687.5,2025-07-01,2026-07-01,False
E00464,P0138,C0098,7899,7899,48.32,381679.68,2025-07-01,2026-07-01,False
E00465,P0180,C0098,604,604,33.8,20415.2,2025-07-01,2026-07-01,False
E00466,P0038,C0098,26,26,49456.35,1285865.1,2025-09-01,2026-09-01,False
E00467,P0300,C0098,1927,1927,31.59,60873.93,2025-07-01,2026-07-01,False
E00468,P0388,C0099,1979,1979,33.86,67008.94,2025-07-01,2026-07-01,False
E00469,P0428,C0099,397,397,185.8,73762.6,2025-09-01,2026-09-01,False
E00470,P0350,C0099,7257,7257,56.26,408278.82,2025-07-01,2026-07-01,False
E00471,P0227,C0099,6,6,39430.48,236582.88,2025-07-01,2026-07-01,False
E00472,P0427,C0099,7277,7277,91.45,665481.65,2025-07-01,2026-07-01,False
E00473,P0072,C0100,8476,8476,90.9,770468.4,2025-07-01,2026-07-01,False
E00474,P0213,C0100,547,547,33.37,18253.39,2025-07-01,2026-07-01,False
E00475,P0475,C0017,790,790,144.92,114486.8,2026-02-01,2027-02-01,True
E00476,P0214,C0012,64,64,40985.64,2623080.96,2026-02-01,2027-02-01,True
E00477,P0344,C0033,41,41,17666.22,724315.02,2026-02-01,2027-02-01,True
E00478,P0456,C0054,43,43,33588.0,1444284.0,2026-01-01,2027-01-01,True
E00479,P0213,C0100,925,925,33.76,31228.0,2026-01-01,2027-01-01,True
E00480,P0295,C0063,3156,3156,111.5,351894.0,2025-12-01,2026-12-01,True
