feature_id,meaningful_floor_events,deep_threshold_events
F00001,398446,1593787
F00002,590681,2362725
F00003,257742,1030968
F00004,201559,806236
F00005,15808,63233
F00006,15993,63974
F00007,30470,121882
F00008,20843,83373
F00009,686467,2745869
F00010,13138,52554
F00011,7213,28852
F00012,286753,1147013
F00013,116577,466308
F00014,17561,70244
F00015,1265707,5062828
F00016,8047,32190
F00017,5622,22488
F00018,330669,1322678
F00019,8606,34424
F00020,11349,45397
F00021,1272097,5088388
F00022,392328,1569312
F00023,31972,127888
F00024,140273,561092
F00025,438692,1754771
F00026,11458,45834
F00027,31133,124533
F00028,7927,31708
F00029,21893,87575
F00030,27519,110076
F00031,153075,612301
F00032,24567,98268
F00033,19567,78270
F00034,9155,36620
F00035,179777,719109
F00036,19646,78585
F00037,20389,81557
F00038,5139,20557
F00039,21231,84926
F00040,15538,62154
F00041,732766,2931065
F00042,21901,87604
F00043,10206,40826
F00044,18029,72117
F00045,172585,690343
F00046,8686,34746
F00047,191527,766110
F00048,6280,25120
F00049,468259,1873036
F00050,20598,82393
F00051,12830,51320
F00052,827855,3311423
F00053,1177510,4710040
F00054,180093,720375
F00055,7233,28935
F00056,7376,29504
F00057,29576,118305
F00058,18438,73754
F00059,526087,2104351
F00060,1220643,4882574
F00061,24353,97415
F00062,15438,61752
F00063,552789,2211156
F00064,182564,730259
F00065,6454,25819
F00066,655970,2623880
F00067,15264,61059
F00068,6712,26849
F00069,196330,785321
F00070,11816,47266
F00071,18978,75912
F00072,4387,17548
F00073,570531,2282125
F00074,471944,1887777
F00075,22726,90904
F00076,380957,1523829
F00077,116694,466776
F00078,8633,34534
F00079,13471,53884
F00080,865851,3463406
F00081,1368624,5474497
F00082,22385,89541
F00083,10215,40863
F00084,15442,61768
F00085,190124,760499
F00086,21855,87420
F00087,8679,34718
F00088,6469,25876
F00089,14812,59248
F00090,20232,80928
F00091,836223,3344895
F00092,827083,3308334
F00093,6636,26544
F00094,7186,28744
F00095,1010092,4040368
F00096,292327,1169310
F00097,16431,65725
F00098,33012,132050
F00099,18932,75728
F00100,3952,15810
F00101,5886,23545
F00102,243796,975185
F00103,7227,28911
F00104,19519,78078
F00105,21249,84996
F00106,616085,2464342
F00107,167610,670440
F00108,14128,56512
F00109,3848,15392
F00110,1150566,4602264
F00111,22029,88118
F00112,236140,944560
F00113,12610,50442
F00114,706171,2824686
F00115,10007,40030
F00116,10814,43259
F00117,35589,142357
F00118,1154100,4616402
F00119,38114,152458
F00120,325365,1301463
F00121,458639,1834556
F00122,5986,23945
F00123,8754,35016
F00124,15137,60550
F00125,27205,108823
F00126,19111,76445
F00127,351543,1406173
F00128,21822,87291
F00129,650377,2601511
F00130,16494,65979
F00131,1120409,4481636
F00132,484861,1939444
F00133,10724,42896
F00134,17109,68438
F00135,214360,857442
F00136,916938,3667752
F00137,34691,138764
F00138,12751,51007
F00139,32867,131470
F00140,13591,54364
F00141,16268,65075
F00142,255393,1021572
F00143,410752,1643011
F00144,19553,78215
F00145,36357,145428
F00146,10733,42932
F00147,155571,622284
F00148,215607,862431
F00149,12338,49352
F00150,7446,29786
F00151,4185,16740
F00152,119187,476748
F00153,686936,2747745
F00154,501039,2004157
F00155,5392,21571
F00156,8169,32677
F00157,413906,1655624
F00158,177556,710225
F00159,5331,21326
F00160,529885,2119540
F00161,405856,1623427
F00162,263780,1055123
F00163,13459,53838
F00164,19247,76988
F00165,5875,23500
F00166,7136,28547
F00167,4833,19332
F00168,26534,106138
F00169,388058,1552232
F00170,9987,39951
F00171,367594,1470376
F00172,872872,3491488
F00173,200794,803177
F00174,15156,60624
F00175,26093,104373
F00176,10595,42380
F00177,656234,2624938
F00178,28617,114471
F00179,30371,121486
F00180,4513,18053
F00181,19256,77024
F00182,16250,65000
F00183,142456,569827
F00184,1396384,5585536
F00185,382832,1531330
F00186,562890,2251562
F00187,7544,30178
F00188,14423,57694
F00189,336272,1345091
F00190,221598,886392
F00191,17638,70552
F00192,404605,1618423
F00193,4833,19335
F00194,29527,118110
F00195,38752,155009
F00196,15985,63943
F00197,9381,37525
F00198,8097,32388
F00199,320523,1282092
F00200,11970,47883
F00201,41811,167246
F00202,427813,1711253
F00203,4617,18469
F00204,301197,1204788
F00205,14841,59367
F00206,157357,629428
F00207,204235,816942
F00208,19531,78126
F00209,711358,2845433
F00210,589552,2358208
F00211,6029,24116
F00212,18864,75459
F00213,11951,47805
F00214,14656,58625
F00215,9766,39066
F00216,13549,54198
F00217,3879,15516
F00218,16750,67002
F00219,103395,413583
F00220,34680,138723
F00221,554777,2219108
F00222,15491,61966
F00223,18794,75178
F00224,125778,503114
F00225,23299,93196
F00226,443401,1773604
F00227,5587,22351
F00228,201924,807699
F00229,712134,2848539
F00230,486177,1944709
F00231,8523,34093
F00232,932923,3731692
F00233,38023,152092
F00234,441375,1765502
F00235,759085,3036340
F00236,104270,417083
F00237,3804,15218
F00238,476869,1907477
F00239,269128,1076513
F00240,7491,29964
F00241,340930,1363720
F00242,16107,64428
F00243,17101,68405
F00244,266240,1064961
F00245,6546,26187
F00246,5226,20905
F00247,15768,63072
F00248,3658,14632
F00249,1365201,5460804
F00250,9520,38080
F00251,211824,847296
F00252,25116,100467
F00253,10115,40461
F00254,7859,31438
F00255,13152,52608
F00256,106575,426300
F00257,24281,97125
F00258,1219707,4878828
F00259,13381,53525
F00260,8193,32775
F00261,17491,69967
F00262,9001,36005
F00263,12644,50577
F00264,139298,557192
F00265,812676,3250705
F00266,9510,38042
F00267,111552,446208
F00268,181914,727656
F00269,1309539,5238159
F00270,8933,35732
F00271,553087,2212348
F00272,16779,67118
F00273,8370,33480
F00274,178674,714696
F00275,7717,30868
F00276,16530,66123
F00277,501691,2006764
F00278,123329,493317
F00279,30140,120561
F00280,30541,122165
F00281,21352,85408
F00282,665419,2661679
F00283,1208897,4835588
F00284,21841,87366
F00285,23261,93047
F00286,145791,583166
F00287,16714,66856
F00288,751256,3005027
F00289,6551,26207
F00290,304793,1219174
F00291,819875,3279500
F00292,143096,572385
F00293,10338,41353
F00294,123802,495210
F00295,4261,17045
F00296,271304,1085216
F00297,360902,1443608
F00298,22280,89123
F00299,9566,38264
F00300,187284,749136
F00301,464941,1859767
F00302,15413,61655
F00303,14735,58940
F00304,1166144,4664578
F00305,17232,68929
F00306,608289,2433156
F00307,5712,22851
F00308,5743,22974
F00309,8392,33568
F00310,10771,43087
F00311,13368,53474
F00312,13117,52471
F00313,443576,1774306
F00314,21967,87868
F00315,464080,1856322
F00316,14961,59844
F00317,256603,1026415
F00318,1158136,4632545
F00319,214990,859963
F00320,17389,69558
F00321,17397,69591
F00322,986375,3945500
F00323,113085,452341
F00324,159475,637901
F00325,8460,33843
F00326,27572,110288
F00327,10704,42818
F00328,586589,2346356
F00329,146573,586292
F00330,13437,53748
F00331,195418,781675
F00332,7827,31309
F00333,594034,2376136
F00334,15045,60180
F00335,650122,2600489
F00336,12643,50572
F00337,39171,156684
F00338,7318,29272
F00339,302950,1211802
F00340,15245,60980
F00341,10861,43444
F00342,1373884,5495539
F00343,119425,477703
F00344,8646,34586
F00345,470402,1881609
F00346,1178251,4713005
F00347,261653,1046615
F00348,27990,111961
F00349,620898,2483592
F00350,7984,31937
F00351,18054,72216
F00352,387251,1549007
F00353,1199426,4797707
F00354,14984,59937
F00355,21721,86884
F00356,721971,2887886
F00357,14744,58977
F00358,701003,2804012
F00359,13532,54129
F00360,12155,48622
F00361,10499,41996
F00362,6607,26429
F00363,365033,1460132
F00364,198188,792752
F00365,26926,107704
F00366,6569,26276
F00367,11898,47592
F00368,178262,713048
F00369,22700,90800
F00370,1317566,5270264
F00371,832090,3328360
F00372,114011,456044
F00373,4569,18278
F00374,179371,717484
F00375,35753,143013
F00376,20537,82150
F00377,222517,890068
F00378,21115,84463
F00379,183918,735672
F00380,161861,647447
F00381,5508,22034
F00382,16907,67628
F00383,41713,166853
F00384,211365,845463
F00385,20184,80736
F00386,510749,2042996
F00387,18540,74160
F00388,21451,85804
F00389,22590,90360
F00390,6546,26184
F00391,151744,606978
F00392,637079,2548319
F00393,13206,52826
F00394,6745,26980
F00395,19507,78029
F00396,26940,107762
F00397,18909,75636
F00398,38908,155635
F00399,194056,776224
F00400,738454,2953818
F00401,23441,93765
F00402,10863,43453
F00403,703078,2812315
F00404,302599,1210397
F00405,13913,55653
F00406,22888,91552
F00407,554175,2216701
F00408,32912,131648
F00409,19106,76427
F00410,25289,101158
F00411,11578,46315
F00412,312429,1249719
F00413,31243,124973
F00414,12100,48401
F00415,872324,3489298
F00416,5944,23776
F00417,35701,142805
F00418,612115,2448460
F00419,626116,2504465
F00420,10358,41434
F00421,9124,36497
F00422,11456,45825
F00423,32570,130280
F00424,26521,106084
F00425,429343,1717372
F00426,278905,1115622
F00427,4739,18958
F00428,12060,48240
F00429,177165,708660
F00430,11821,47285
F00431,4821,19284
F00432,12452,49810
F00433,19764,79056
F00434,5854,23418
F00435,574784,2299138
F00436,11753,47012
F00437,257446,1029785
F00438,164736,658947
F00439,25043,100174
F00440,538161,2152644
F00441,550567,2202268
F00442,1161807,4647228
F00443,33462,133848
F00444,423114,1692458
F00445,25121,100485
F00446,28193,112775
F00447,327174,1308696
F00448,1177114,4708458
F00449,385995,1543982
F00450,5371,21485
F00451,9755,39021
F00452,268050,1072201
F00453,13405,53623
F00454,23587,94350
F00455,8631,34526
F00456,6010,24040
F00457,284438,1137755
F00458,616304,2465216
F00459,171290,685160
F00460,8531,34124
F00461,463704,1854818
F00462,973286,3893144
F00463,10027,40108
F00464,19617,78468
F00465,229712,918849
F00466,17341,69367
F00467,7547,30190
F00468,7197,28788
F00469,733488,2933952
F00470,11333,45332
F00471,21422,85688
F00472,209932,839729
F00473,526021,2104084
F00474,15332,61329
F00475,614920,2459683
F00476,1273378,5093514
F00477,170268,681072
F00478,8382,33528
F00479,9578,38315
F00480,6136,24546
F00481,214481,857925
F00482,223516,894067
F00483,786433,3145734
F00484,432941,1731766
F00485,201818,807273
F00486,1387210,5548841
F00487,11630,46520
F00488,483808,1935233
F00489,7601,30405
F00490,22856,91425
F00491,15153,60613
F00492,24224,96896
F00493,11198,44792
F00494,17290,69160
F00495,7520,30081
F00496,459508,1838032
F00497,22066,88264
F00498,631567,2526270
F00499,17647,70591
F00500,31032,124129
F00501,4693,18772
F00502,16454,65818
F00503,14771,59084
F00504,312401,1249604
F00505,18973,75892
F00506,12602,50408
F00507,152476,609906
F00508,650762,2603049
F00509,1211622,4846488
F00510,254117,1016469
F00511,24567,98268
F00512,22811,91244
F00513,9623,38494
F00514,10265,41060
F00515,33053,132213
F00516,776596,3106384
F00517,35616,142466
F00518,24690,98760
F00519,122970,491880
F00520,24587,98348
F00521,607090,2428362
F00522,286171,1144685
F00523,8571,34284
F00524,1202742,4810968
F00525,7290,29163
F00526,450732,1802931
F00527,9199,36797
F00528,18587,74351
F00529,506945,2027783
F00530,12471,49886
F00531,6634,26536
F00532,12890,51563
F00533,700852,2803411
F00534,13601,54407
F00535,981149,3924597
F00536,9369,37479
F00537,177980,711923
F00538,829910,3319643
F00539,6496,25986
F00540,15535,62141
F00541,245045,980181
F00542,970538,3882152
F00543,130740,522961
F00544,23936,95745
F00545,24822,99289
F00546,282825,1131300
F00547,15047,60188
F00548,526632,2106529
F00549,1066613,4266452
F00550,7788,31153
F00551,325052,1300211
F00552,7503,30012
F00553,901850,3607403
F00554,32377,129508
F00555,6844,27376
F00556,9958,39832
F00557,6427,25708
F00558,520163,2080653
F00559,746245,2984982
F00560,26767,107070
F00561,3831,15324
F00562,355216,1420864
F00563,16385,65540
F00564,14004,56017
F00565,7569,30277
F00566,769595,3078380
F00567,9007,36028
F00568,586695,2346780
F00569,18257,73030
F00570,23177,92710
F00571,102681,410725
F00572,9166,36664
F00573,11694,46776
F00574,690261,2761044
F00575,190442,761770
F00576,39865,159462
F00577,7295,29180
F00578,17482,69931
F00579,32899,131596
F00580,30456,121826
F00581,7933,31732
F00582,5436,21744
F00583,7153,28613
F00584,298156,1192625
F00585,8937,35748
F00586,331045,1324180
F00587,511059,2044237
F00588,8664,34656
F00589,39565,158261
F00590,18782,75128
F00591,127565,510260
F00592,236942,947770
F00593,8392,33568
F00594,732925,2931701
F00595,305593,1222375
F00596,16527,66108
F00597,6574,26298
F00598,178280,713123
F00599,29949,119796
F00600,10863,43452
F00601,441894,1767579
F00602,958138,3832554
F00603,8489,33956
F00604,327923,1311692
F00605,151400,605601
F00606,254047,1016191
F00607,732599,2930399
F00608,5738,22953
F00609,184163,736654
F00610,15529,62116
F00611,11983,47932
F00612,27760,111040
F00613,8174,32697
F00614,8144,32576
F00615,202162,808648
F00616,16599,66398
F00617,884032,3536131
F00618,278075,1112302
F00619,27484,109939
F00620,10898,43593
F00621,17523,70095
F00622,12624,50499
F00623,292152,1168608
F00624,399646,1598586
F00625,13361,53445
F00626,6070,24281
F00627,9972,39891
F00628,27548,110192
F00629,10684,42739
F00630,223136,892546
F00631,8903,35612
F00632,25480,101922
F00633,12399,49598
F00634,738023,2952093
F00635,272577,1090308
F00636,6028,24113
F00637,6213,24853
F00638,378686,1514744
F00639,11318,45274
F00640,10362,41449
F00641,24779,99119
F00642,141190,564761
F00643,31566,126266
F00644,10857,43428
F00645,299563,1198253
F00646,6922,27688
F00647,770414,3081657
F00648,122505,490022
F00649,3941,15765
F00650,9172,36691
F00651,12349,49396
F00652,10078,40314
F00653,30375,121503
F00654,23295,93180
F00655,636322,2545290
F00656,471401,1885604
F00657,6083,24333
F00658,183087,732348
F00659,14593,58374
F00660,949985,3799941
F00661,18286,73146
F00662,18435,73742
F00663,7526,30105
F00664,19254,77016
F00665,24514,98057
F00666,265105,1060423
F00667,24854,99416
F00668,186793,747172
F00669,289729,1158916
F00670,8184,32736
F00671,18199,72797
F00672,402844,1611379
F00673,537254,2149018
F00674,875683,3502732
F00675,7496,29984
F00676,3849,15396
F00677,32584,130336
F00678,13958,55832
F00679,16279,65117
F00680,6556,26224
F00681,15295,61181
F00682,20340,81360
F00683,8377,33509
F00684,18015,72062
F00685,5947,23788
F00686,1240002,4960010
F00687,25011,100047
F00688,220138,880552
F00689,400484,1601939
F00690,105074,420296
F00691,10203,40813
F00692,10785,43143
F00693,30733,122932
F00694,507252,2029010
F00695,10588,42353
F00696,32911,131644
F00697,15610,62440
F00698,9489,37956
F00699,645268,2581073
F00700,215792,863171
F00701,40666,162666
F00702,20040,80163
F00703,5673,22694
F00704,41528,166115
F00705,15696,62784
F00706,162393,649574
F00707,16887,67548
F00708,350887,1403550
F00709,12853,51412
F00710,173265,693061
F00711,9262,37048
F00712,5283,21134
F00713,16333,65334
F00714,15080,60323
F00715,5391,21566
F00716,168148,672593
F00717,28816,115265
F00718,15927,63708
F00719,15257,61028
F00720,13868,55473
F00721,10809,43239
F00722,145282,581131
F00723,31007,124030
F00724,24330,97323
F00725,310554,1242218
F00726,16528,66112
F00727,262511,1050047
F00728,190644,762576
F00729,23969,95877
F00730,568330,2273320
F00731,9683,38734
F00732,947522,3790090
F00733,7027,28109
F00734,5384,21539
F00735,18225,72903
F00736,651231,2604924
F00737,273191,1092764
F00738,5319,21276
F00739,24501,98005
F00740,38123,152495
F00741,16144,64576
F00742,801967,3207871
F00743,12810,51242
F00744,30919,123679
F00745,23961,95844
F00746,1164368,4657474
F00747,13189,52756
F00748,840836,3363347
F00749,30063,120252
F00750,103190,412761
F00751,13900,55600
F00752,536675,2146701
F00753,5474,21897
F00754,36876,147505
F00755,324966,1299864
F00756,16763,67055
F00757,1176452,4705809
F00758,15134,60536
F00759,24117,96468
F00760,7164,28656
F00761,15871,63485
F00762,10384,41539
F00763,302998,1211993
F00764,158907,635628
F00765,505238,2020955
F00766,26373,105492
F00767,610367,2441470
F00768,728292,2913168
F00769,13666,54667
F00770,17841,71366
F00771,21872,87490
F00772,266737,1066948
F00773,147672,590690
F00774,5860,23442
F00775,5868,23472
F00776,9539,38159
F00777,4884,19537
F00778,12159,48637
F00779,11153,44615
F00780,28869,115476
F00781,762933,3051734
F00782,344816,1379266
F00783,219236,876947
F00784,1316539,5266159
F00785,305381,1221524
F00786,25165,100660
F00787,1102741,4410964
F00788,690543,2762172
F00789,701909,2807636
F00790,331362,1325451
F00791,615157,2460628
F00792,24202,96810
F00793,22616,90466
F00794,11083,44335
F00795,145843,583375
F00796,8267,33068
F00797,41233,164933
F00798,653251,2613006
F00799,20135,80542
F00800,11808,47232
F00801,7100,28400
F00802,32601,130407
F00803,8195,32780
F00804,8944,35779
F00805,6388,25555
F00806,376342,1505370
F00807,31152,124610
F00808,27119,108478
F00809,210616,842467
F00810,7300,29203
F00811,4361,17446
F00812,483950,1935803
F00813,15180,60722
F00814,469247,1876988
F00815,130680,522722
F00816,10665,42660
F00817,13531,54124
F00818,296878,1187512
F00819,6540,26161
F00820,461554,1846219
F00821,811249,3244997
F00822,581531,2326124
F00823,19413,77652
F00824,7376,29504
F00825,292543,1170172
F00826,25100,100403
F00827,631183,2524733
F00828,453391,1813564
F00829,5150,20601
F00830,39550,158200
F00831,10483,41935
F00832,37839,151358
F00833,317393,1269575
F00834,808114,3232456
F00835,1241078,4964312
F00836,13672,54691
F00837,96731,386927
F00838,510133,2040533
F00839,6740,26963
F00840,6284,25139
F00841,14676,58704
F00842,21806,87226
F00843,393277,1573109
F00844,266557,1066231
F00845,16609,66438
F00846,27381,109526
F00847,9231,36926
F00848,41895,167580
F00849,221583,886332
F00850,27355,109423
F00851,20556,82225
F00852,10781,43127
F00853,8120,32480
F00854,293554,1174216
F00855,14004,56016
F00856,11172,44690
F00857,10686,42746
F00858,11409,45638
F00859,24637,98548
F00860,30862,123449
F00861,5944,23778
F00862,11058,44232
F00863,34863,139452
F00864,391933,1567732
F00865,14123,56493
F00866,784599,3138399
F00867,16804,67216
F00868,4562,18250
F00869,33126,132505
F00870,752147,3008589
F00871,512815,2051260
F00872,216625,866500
F00873,9237,36951
F00874,11409,45636
F00875,245737,982948
F00876,7139,28559
F00877,141273,565092
F00878,202075,808303
F00879,252174,1008697
F00880,198887,795548
F00881,4258,17032
F00882,425823,1703294
F00883,14061,56246
F00884,429157,1716631
F00885,934885,3739543
F00886,11600,46403
F00887,9440,37760
F00888,423772,1695088
F00889,6802,27210
F00890,13881,55524
F00891,9546,38185
F00892,397622,1590488
F00893,23677,94708
F00894,1270584,5082336
F00895,5334,21338
F00896,177694,710776
F00897,14758,59033
F00898,6380,25522
F00899,29750,119003
F00900,13389,53557
F00901,464980,1859922
F00902,22388,89552
F00903,30253,121014
F00904,132570,530281
F00905,1341699,5366796
F00906,11007,44029
F00907,29681,118726
F00908,8881,35524
F00909,682927,2731708
F00910,13975,55900
F00911,123930,495721
F00912,1299257,5197029
F00913,231998,927992
F00914,352390,1409560
F00915,4050,16200
F00916,13844,55378
F00917,16039,64156
F00918,9666,38666
F00919,24248,96992
F00920,465306,1861226
F00921,584798,2339193
F00922,9750,39002
F00923,4192,16768
F00924,13903,55612
F00925,20851,83404
F00926,11670,46681
F00927,487481,1949927
F00928,39959,159836
F00929,10518,42072
F00930,10281,41125
F00931,1268052,5072210
F00932,32205,128820
F00933,10712,42849
F00934,512663,2050654
F00935,32860,131442
F00936,13611,54445
F00937,40396,161587
F00938,23541,94167
F00939,285900,1143603
F00940,4931,19727
F00941,9903,39613
F00942,32896,131585
F00943,608227,2432909
F00944,159156,636624
F00945,11450,45803
F00946,485303,1941212
F00947,12245,48983
F00948,30423,121694
F00949,539355,2157420
F00950,5754,23016
F00951,798351,3193406
F00952,9018,36072
F00953,10872,43488
F00954,155538,622153
F00955,211810,847240
F00956,17458,69833
F00957,1291970,5167880
F00958,127930,511722
F00959,9389,37557
F00960,30837,123350
F00961,5312,21249
F00962,349474,1397897
F00963,11327,45309
F00964,758855,3035422
F00965,16701,66807
F00966,7127,28510
F00967,8201,32804
F00968,525099,2100398
F00969,474560,1898240
F00970,20284,81138
F00971,10761,43047
F00972,7567,30269
F00973,14889,59557
F00974,683563,2734254
F00975,169837,679350
F00976,582711,2330844
F00977,16679,66716
F00978,17242,68968
F00979,35955,143823
F00980,629402,2517610
F00981,99488,397952
F00982,244528,978114
F00983,774607,3098431
F00984,11545,46182
F00985,1045848,4183393
F00986,10147,40590
F00987,19694,78777
F00988,763397,3053589
F00989,147217,588868
F00990,34300,137202
F00991,269598,1078394
F00992,438156,1752625
F00993,6925,27701
F00994,1342481,5369925
F00995,18930,75720
F00996,15298,61192
F00997,6845,27382
F00998,11406,45625
F00999,3936,15745
F01000,27486,109944
F01001,5963,23852
F01002,13058,52232
F01003,302842,1211368
F01004,314146,1256587
F01005,808465,3233863
F01006,15997,63990
F01007,15516,62066
F01008,1314875,5259502
F01009,180231,720924
F01010,8490,33960
F01011,15855,63420
F01012,308865,1235461
F01013,209197,836789
F01014,628514,2514058
F01015,7576,30306
F01016,280866,1123465
F01017,16304,65217
F01018,657284,2629139
F01019,28905,115622
F01020,29379,117518
F01021,19573,78292
F01022,6023,24092
F01023,6766,27064
F01024,1037166,4148667
F01025,11205,44820
F01026,10194,40777
F01027,432783,1731135
F01028,730415,2921660
F01029,14166,56667
F01030,536613,2146452
F01031,462575,1850300
F01032,13104,52416
F01033,607749,2430997
F01034,30872,123490
F01035,12634,50536
F01036,192185,768743
F01037,169337,677348
F01038,404218,1616873
F01039,10577,42311
F01040,440466,1761864
F01041,4979,19916
F01042,14828,59312
F01043,20774,83096
F01044,9041,36167
F01045,15558,62232
F01046,10629,42516
F01047,14531,58124
F01048,189939,759759
F01049,120759,483038
F01050,6679,26716
F01051,14541,58165
F01052,523547,2094189
F01053,18431,73726
F01054,302275,1209100
F01055,22022,88088
F01056,8700,34802
F01057,714216,2856865
F01058,142140,568562
F01059,1137016,4548066
F01060,13530,54121
F01061,169959,679836
F01062,10343,41372
F01063,10068,40275
F01064,14629,58516
F01065,22025,88100
F01066,245184,980736
F01067,301129,1204516
F01068,24907,99631
F01069,4047,16190
F01070,548423,2193693
F01071,708064,2832256
F01072,5771,23084
F01073,312407,1249628
F01074,13846,55386
F01075,4719,18879
F01076,19804,79218
F01077,718597,2874389
F01078,13759,55037
F01079,322341,1289364
F01080,15580,62320
F01081,155563,622252
F01082,15494,61976
F01083,14933,59732
F01084,7346,29385
F01085,213410,853640
F01086,370108,1480435
F01087,21438,85754
F01088,9374,37496
F01089,5008,20032
F01090,4807,19228
F01091,24526,98107
F01092,309725,1238900
F01093,677680,2710722
F01094,7504,30017
F01095,1339403,5357613
F01096,23244,92979
F01097,239802,959209
F01098,11964,47857
F01099,39462,157848
F01100,5389,21557
F01101,7513,30052
F01102,31572,126289
F01103,302132,1208529
F01104,1319030,5276120
F01105,511160,2044643
F01106,20319,81277
F01107,13347,53388
F01108,506757,2027028
F01109,11065,44263
F01110,27312,109248
F01111,20623,82493
F01112,136350,545402
F01113,31158,124635
F01114,13999,55997
F01115,7105,28420
F01116,262881,1051524
F01117,5994,23977
F01118,109829,439318
F01119,13759,55036
F01120,25642,102571
F01121,30992,123971
F01122,12038,48155
F01123,258248,1032994
F01124,4338,17355
F01125,16579,66317
F01126,165730,662923
F01127,9919,39678
F01128,1314908,5259632
F01129,245705,982820
F01130,189745,758982
F01131,16071,64285
F01132,552057,2208229
F01133,17731,70927
F01134,192168,768674
F01135,12534,50137
F01136,12811,51246
F01137,19256,77025
F01138,13459,53837
F01139,10605,42420
F01140,220935,883740
F01141,16610,66443
F01142,24343,97372
F01143,179041,716167
F01144,818191,3272766
F01145,173075,692300
F01146,23566,94264
F01147,1081445,4325780
F01148,306825,1227303
F01149,388111,1552444
F01150,14586,58345
F01151,631608,2526432
F01152,212226,848904
F01153,16506,66027
F01154,6696,26785
F01155,7576,30305
F01156,9298,37192
F01157,235553,942212
F01158,33122,132488
F01159,30310,121240
F01160,9814,39256
F01161,405210,1620842
F01162,638709,2554838
F01163,18882,75529
F01164,9364,37458
F01165,30036,120144
F01166,494560,1978242
F01167,13544,54177
F01168,192272,769089
F01169,7946,31785
F01170,507319,2029276
F01171,22693,90773
F01172,442066,1768267
F01173,9820,39280
F01174,15103,60415
F01175,11175,44702
F01176,826691,3306764
F01177,38093,152374
F01178,14481,57925
F01179,539427,2157711
F01180,8802,35208
F01181,7318,29273
F01182,21749,86997
F01183,17798,71193
F01184,429756,1719027
F01185,160729,642916
F01186,7795,31181
F01187,29333,117335
F01188,301889,1207556
F01189,39666,158664
F01190,296925,1187700
F01191,482162,1928649
F01192,9155,36621
F01193,396843,1587375
F01194,603349,2413399
F01195,34090,136361
F01196,15588,62352
F01197,222871,891485
F01198,23801,95204
F01199,5126,20504
F01200,19692,78769
F01201,22986,91947
F01202,642094,2568377
F01203,8278,33114
F01204,12118,48472
F01205,189471,757884
F01206,13886,55545
F01207,1104573,4418295
F01208,9533,38135
F01209,261556,1046227
F01210,7360,29440
F01211,9229,36916
F01212,427193,1708775
F01213,27979,111918
F01214,249328,997315
F01215,11066,44264
F01216,208588,834355
F01217,31815,127260
F01218,25078,100312
F01219,4599,18399
F01220,12380,49523
F01221,5112,20448
F01222,779681,3118727
F01223,262129,1048516
F01224,10095,40383
F01225,9643,38573
F01226,156547,626189
F01227,228583,914333
F01228,341537,1366150
F01229,39887,159548
F01230,15569,62279
F01231,20793,83175
F01232,119392,477568
F01233,216508,866034
F01234,739527,2958109
F01235,234556,938226
F01236,269255,1077020
F01237,4184,16736
F01238,25691,102764
F01239,25585,102343
F01240,13218,52875
F01241,758915,3035662
F01242,9569,38279
F01243,25353,101415
F01244,18793,75175
F01245,642235,2568943
F01246,18332,73330
F01247,447801,1791204
F01248,13621,54484
F01249,198227,792911
F01250,9146,36584
F01251,322894,1291576
F01252,33541,134165
F01253,705675,2822701
F01254,24893,99572
F01255,18253,73012
F01256,26557,106230
F01257,23928,95715
F01258,101156,404627
F01259,8078,32312
F01260,1144383,4577533
F01261,18835,75340
F01262,6919,27679
F01263,1372511,5490044
F01264,219562,878250
F01265,112731,450927
F01266,454946,1819787
F01267,136098,544392
F01268,1108854,4435418
F01269,11023,44093
F01270,9009,36036
F01271,667952,2671811
F01272,14890,59563
F01273,14764,59057
F01274,317423,1269694
F01275,24417,97671
F01276,21810,87243
F01277,172165,688661
F01278,34567,138270
F01279,8136,32544
F01280,9168,36672
F01281,21295,85180
F01282,817145,3268582
F01283,207133,828535
F01284,28645,114583
F01285,274122,1096491
F01286,24055,96221
F01287,15581,62324
F01288,117613,470455
F01289,3857,15429
F01290,15523,62094
F01291,27643,110572
F01292,25494,101976
F01293,10155,40621
F01294,392704,1570816
F01295,20241,80965
F01296,113823,455293
F01297,15254,61017
F01298,5070,20280
F01299,15495,61983
F01300,157615,630463
F01301,829243,3316972
F01302,6396,25586
F01303,335131,1340524
F01304,212673,850695
F01305,9326,37305
F01306,1386191,5544766
F01307,319991,1279964
F01308,395214,1580858
F01309,180882,723530
F01310,17395,69582
F01311,11274,45097
F01312,192270,769082
F01313,242471,969887
F01314,5140,20560
F01315,25844,103376
F01316,30951,123807
F01317,12317,49271
F01318,8344,33377
F01319,242492,969968
F01320,24753,99013
F01321,263361,1053444
F01322,7171,28684
F01323,14025,56102
F01324,787599,3150397
F01325,523797,2095188
F01326,382138,1528554
F01327,6842,27371
F01328,241707,966830
F01329,15469,61879
F01330,131768,527075
F01331,22068,88272
F01332,314208,1256833
F01333,11026,44107
F01334,18064,72258
F01335,222961,891847
F01336,32666,130667
F01337,12773,51092
F01338,199406,797627
F01339,16658,66635
F01340,30888,123555
F01341,30527,122111
F01342,10457,41829
F01343,700271,2801085
F01344,20664,82658
F01345,147985,591941
F01346,14504,58017
F01347,634191,2536766
F01348,23670,94682
F01349,10777,43109
F01350,12464,49856
F01351,216394,865576
F01352,21951,87806
F01353,8285,33140
F01354,10190,40762
F01355,13835,55343
F01356,734053,2936212
F01357,5527,22108
F01358,740701,2962806
F01359,310562,1242251
F01360,10405,41623
F01361,10965,43860
F01362,10865,43462
F01363,1102853,4411412
F01364,6639,26558
F01365,384090,1536360
F01366,1108516,4434064
F01367,12386,49546
F01368,4312,17251
F01369,534000,2136003
F01370,10073,40293
F01371,4579,18318
F01372,234055,936223
F01373,6823,27292
F01374,9024,36096
F01375,435140,1740560
F01376,4755,19023
F01377,279439,1117756
F01378,846143,3384572
F01379,10726,42906
F01380,17504,70017
F01381,473238,1892952
F01382,6729,26916
F01383,1079498,4317992
F01384,121761,487046
F01385,314925,1259701
F01386,4151,16605
F01387,239846,959384
F01388,6186,24744
F01389,15577,62308
F01390,107149,428599
F01391,29697,118788
F01392,461253,1845012
F01393,1209739,4838958
F01394,7496,29986
F01395,6987,27951
F01396,13257,53028
F01397,549625,2198502
F01398,15384,61536
F01399,147440,589760
F01400,20502,82008
F01401,230467,921868
F01402,5926,23705
F01403,8700,34803
F01404,27131,108525
F01405,12342,49368
F01406,437853,1751412
F01407,6867,27468
F01408,20400,81603
F01409,161404,645616
F01410,10284,41137
F01411,540388,2161554
F01412,238533,954133
F01413,34820,139282
F01414,205510,822041
F01415,11215,44861
F01416,10978,43915
F01417,156599,626398
F01418,7701,30807
F01419,12208,48832
F01420,518287,2073151
F01421,10600,42402
F01422,769396,3077586
F01423,3799,15196
F01424,137224,548898
F01425,8382,33528
F01426,107867,431469
F01427,246186,984746
F01428,15087,60350
F01429,681103,2724415
F01430,29604,118416
F01431,749554,2998217
F01432,279714,1118856
F01433,418279,1673116
F01434,16476,65906
F01435,9953,39812
F01436,8983,35933
F01437,12023,48093
F01438,151839,607357
F01439,4981,19927
F01440,188761,755044
F01441,507652,2030611
F01442,18059,72239
F01443,8924,35696
F01444,825080,3300321
F01445,13524,54099
F01446,5881,23527
F01447,7550,30200
F01448,154126,616507
F01449,506932,2027729
F01450,111100,444401
F01451,1062090,4248361
F01452,8453,33815
F01453,346376,1385505
F01454,204582,818328
F01455,4111,16446
F01456,26803,107212
F01457,8110,32440
F01458,306850,1227403
F01459,13777,55110
F01460,332814,1331256
F01461,415143,1660575
F01462,21950,87800
F01463,156264,625059
F01464,11954,47818
F01465,693560,2774243
F01466,7301,29204
F01467,7322,29288
F01468,204921,819687
F01469,5260,21040
F01470,203460,813843
F01471,13705,54823
F01472,10616,42465
F01473,193331,773324
F01474,684671,2738684
F01475,516561,2066246
F01476,17547,70188
F01477,21551,86204
F01478,8326,33304
F01479,18414,73658
F01480,523276,2093105
F01481,4016,16064
F01482,18552,74209
F01483,39917,159669
F01484,7283,29132
F01485,108701,434804
F01486,226299,905198
F01487,8822,35289
F01488,772124,3088497
F01489,15427,61710
F01490,8033,32133
F01491,134974,539898
F01492,1386357,5545429
F01493,267413,1069652
F01494,28179,112716
F01495,552517,2210070
F01496,10850,43400
F01497,6887,27551
F01498,722972,2891888
F01499,5490,21960
F01500,260776,1043105
F01501,17201,68807
F01502,7754,31018
F01503,637063,2548254
F01504,455692,1822768
F01505,4906,19626
F01506,15680,62723
F01507,7568,30274
F01508,214704,858816
F01509,553290,2213160
F01510,13112,52448
F01511,30046,120186
F01512,7998,31995
F01513,309688,1238752
F01514,23626,94506
F01515,262001,1048004
F01516,18715,74863
F01517,560238,2240955
F01518,23412,93650
F01519,7717,30870
F01520,337568,1350275
F01521,120662,482649
F01522,9845,39381
F01523,12241,48967
F01524,11123,44495
F01525,23716,94865
F01526,22299,89199
F01527,7877,31509
F01528,11619,46477
F01529,11114,44457
F01530,292701,1170804
F01531,5660,22640
F01532,23380,93520
F01533,6170,24682
F01534,29447,117790
F01535,546820,2187280
F01536,787411,3149646
F01537,324070,1296282
F01538,23467,93868
F01539,206271,825084
F01540,13323,53292
F01541,18150,72602
F01542,6456,25824
F01543,796605,3186422
F01544,18148,72593
F01545,1248546,4994187
F01546,217391,869564
F01547,269224,1076896
F01548,5833,23332
F01549,11170,44682
F01550,9960,39840
F01551,30917,123668
F01552,14373,57492
F01553,19615,78463
F01554,273202,1092808
F01555,133814,535256
F01556,161387,645549
F01557,20419,81676
F01558,423996,1695987
F01559,25468,101873
F01560,6989,27956
F01561,14975,59902
F01562,23718,94875
F01563,15576,62304
F01564,190876,763504
F01565,576052,2304210
F01566,9793,39173
F01567,6478,25912
F01568,12483,49932
F01569,606698,2426794
F01570,184335,737342
F01571,201184,804736
F01572,426705,1706820
F01573,479135,1916540
F01574,19149,76599
F01575,16305,65222
F01576,369634,1478537
F01577,7225,28903
F01578,204793,819172
F01579,542827,2171308
F01580,996834,3987336
F01581,3637,14548
F01582,10836,43347
F01583,424213,1696853
F01584,16351,65406
F01585,105301,421204
F01586,14135,56540
F01587,4847,19388
F01588,402923,1611692
F01589,426873,1707492
F01590,38789,155157
F01591,311344,1245377
F01592,21551,86204
F01593,14641,58567
F01594,33467,133870
F01595,119406,477626
F01596,471553,1886215
F01597,134924,539696
F01598,9994,39977
F01599,11691,46767
F01600,26105,104423
F01601,532831,2131325
F01602,4350,17401
F01603,9611,38445
F01604,187450,749803
F01605,17202,68810
F01606,18649,74599
F01607,959414,3837657
F01608,5022,20091
F01609,10749,42998
F01610,9328,37314
F01611,410982,1643930
F01612,488280,1953122
F01613,14956,59824
F01614,21855,87423
F01615,7553,30215
F01616,12027,48111
F01617,10343,41373
F01618,15869,63478
F01619,9764,39057
F01620,1328531,5314127
F01621,569122,2276489
F01622,281307,1125229
F01623,1256913,5027655
F01624,11004,44018
F01625,154102,616409
F01626,241343,965375
F01627,423095,1692380
F01628,16150,64601
F01629,16202,64811
F01630,28326,113304
F01631,203056,812225
F01632,331092,1324368
F01633,7976,31906
F01634,17123,68493
F01635,18958,75834
F01636,10678,42712
F01637,135891,543565
F01638,8162,32648
F01639,11751,47004
F01640,551221,2204887
F01641,272051,1088206
F01642,9548,38192
F01643,97525,390101
F01644,21293,85173
F01645,216020,864082
F01646,211570,846281
F01647,5741,22965
F01648,682396,2729587
F01649,139826,559305
F01650,6223,24892
F01651,20192,80769
F01652,723190,2892760
F01653,12376,49506
F01654,304913,1219652
F01655,33567,134270
F01656,27364,109457
F01657,22941,91764
F01658,15875,63502
F01659,15531,62125
F01660,1081805,4327220
F01661,6862,27451
F01662,17101,68404
F01663,393979,1575919
F01664,819826,3279304
F01665,250695,1002781
F01666,31915,127660
F01667,4399,17596
F01668,286156,1144627
F01669,7243,28972
F01670,240118,960475
F01671,212708,850833
F01672,11936,47746
F01673,1329306,5317224
F01674,8054,32217
F01675,21970,87880
F01676,14444,57778
F01677,332914,1331658
F01678,9088,36352
F01679,814703,3258815
F01680,122319,489277
F01681,10037,40148
F01682,5211,20844
F01683,423866,1695464
F01684,161892,647568
F01685,14148,56593
F01686,211980,847920
F01687,26991,107966
F01688,164771,659084
F01689,13157,52629
F01690,5240,20960
F01691,22402,89608
F01692,14694,58778
F01693,318757,1275030
F01694,7250,29000
F01695,15463,61852
F01696,944114,3776456
F01697,28506,114024
F01698,261531,1046124
F01699,6515,26060
F01700,1329766,5319065
F01701,19917,79670
F01702,7061,28244
F01703,16180,64720
F01704,24909,99636
F01705,517936,2071747
F01706,4435,17740
F01707,152869,611478
F01708,24702,98809
F01709,18657,74628
F01710,240552,962208
F01711,494435,1977740
F01712,183121,732484
F01713,14553,58213
F01714,404413,1617654
F01715,919545,3678183
F01716,675815,2703262
F01717,16547,66190
F01718,14750,59001
F01719,6359,25438
F01720,20273,81092
F01721,4213,16853
F01722,1065789,4263159
F01723,10078,40314
F01724,222900,891603
F01725,19501,78007
F01726,662408,2649635
F01727,149425,597700
F01728,17170,68682
F01729,19141,76566
F01730,120620,482480
F01731,704338,2817355
F01732,6788,27155
F01733,209928,839713
F01734,18458,73832
F01735,7633,30532
F01736,1185775,4743100
F01737,125826,503305
F01738,7503,30012
F01739,12848,51395
F01740,623335,2493343
F01741,18593,74375
F01742,256930,1027720
F01743,9287,37148
F01744,154699,618798
F01745,31905,127620
F01746,11530,46123
F01747,469983,1879934
F01748,1068988,4275952
F01749,620611,2482445
F01750,4221,16884
F01751,900656,3602627
F01752,271726,1086906
F01753,15377,61508
F01754,22979,91919
F01755,168044,672176
F01756,27169,108676
F01757,4980,19922
F01758,477818,1911272
F01759,16436,65746
F01760,293149,1172598
F01761,13664,54659
F01762,1091599,4366397
F01763,123146,492584
F01764,23735,94943
F01765,11550,46200
F01766,16720,66880
F01767,926350,3705400
F01768,332210,1328840
F01769,20161,80646
F01770,14323,57293
F01771,22956,91824
F01772,21343,85372
F01773,1016185,4064741
F01774,3778,15112
F01775,398721,1594885
F01776,273090,1092363
F01777,219930,879722
F01778,4309,17238
F01779,16232,64929
F01780,5970,23881
F01781,25294,101179
F01782,9288,37154
F01783,14675,58703
F01784,383766,1535064
F01785,6476,25907
F01786,484973,1939895
F01787,10754,43016
F01788,137400,549602
F01789,30129,120516
F01790,8811,35246
F01791,481535,1926141
F01792,17401,69604
F01793,16818,67275
F01794,513051,2052204
F01795,7709,30837
F01796,20381,81526
F01797,16141,64567
F01798,6295,25182
F01799,177817,711271
F01800,23656,94624
F01801,468371,1873484
F01802,1298942,5195769
F01803,8417,33668
F01804,410782,1643128
F01805,241178,964715
F01806,7510,30040
F01807,215828,863315
F01808,8086,32345
F01809,519983,2079935
F01810,13909,55637
F01811,8465,33862
F01812,326261,1305047
F01813,506447,2025791
F01814,4410,17641
F01815,29056,116224
F01816,15222,60888
F01817,5411,21644
F01818,193579,774317
F01819,19074,76297
F01820,11594,46377
F01821,193218,772873
F01822,458874,1835496
F01823,35807,143231
F01824,3850,15403
F01825,30768,123075
F01826,182053,728214
F01827,18193,72772
F01828,141123,564494
F01829,16218,64872
F01830,8031,32126
F01831,248606,994424
F01832,326317,1305269
F01833,7237,28950
F01834,335896,1343585
F01835,198691,794764
F01836,22128,88515
F01837,109098,436393
F01838,12997,51989
F01839,1346554,5386216
F01840,8879,35516
F01841,744876,2979505
F01842,23354,93416
F01843,176011,704046
F01844,542779,2171119
F01845,1063817,4255268
F01846,6193,24772
F01847,19207,76830
F01848,5202,20810
F01849,7182,28730
F01850,128596,514387
F01851,13876,55504
F01852,925926,3703704
F01853,41677,166710
F01854,154737,618951
F01855,18886,75547
F01856,5893,23572
F01857,758152,3032608
F01858,10260,41042
F01859,668547,2674188
F01860,14714,58856
F01861,40499,161997
F01862,1153541,4614167
F01863,17392,69568
F01864,36414,145658
F01865,214613,858452
F01866,986952,3947810
F01867,298208,1192834
F01868,13009,52036
F01869,142918,571673
F01870,5392,21568
F01871,167303,669213
F01872,222199,888797
F01873,734727,2938908
F01874,141331,565326
F01875,224540,898161
F01876,12775,51102
F01877,679598,2718394
F01878,23172,92688
F01879,18644,74577
F01880,18818,75273
F01881,315239,1260958
F01882,6637,26551
F01883,862197,3448790
F01884,9694,38778
F01885,38220,152883
F01886,18012,72050
F01887,1385137,5540548
F01888,4067,16269
F01889,6739,26958
F01890,666347,2665390
F01891,10236,40946
F01892,413185,1652740
F01893,745852,2983410
F01894,18127,72511
F01895,285691,1142765
F01896,16407,65631
F01897,326726,1306907
F01898,16275,65103
F01899,98777,395110
F01900,19889,79556
F01901,30582,122328
F01902,6819,27277
F01903,130488,521952
F01904,493210,1972843
F01905,11904,47619
F01906,13174,52697
F01907,953868,3815472
F01908,272384,1089539
F01909,340933,1363732
F01910,9168,36674
F01911,8106,32424
F01912,16813,67253
F01913,27946,111785
F01914,16939,67756
F01915,149008,596035
F01916,27798,111195
F01917,488760,1955040
F01918,16028,64113
F01919,339582,1358328
F01920,122759,491037
F01921,1278785,5115142
F01922,18547,74189
F01923,8266,33064
F01924,8680,34723
F01925,20555,82221
F01926,408246,1632985
F01927,7046,28187
F01928,12781,51127
F01929,23224,92898
F01930,15439,61756
F01931,18824,75297
F01932,427443,1709773
F01933,5726,22904
F01934,31474,125897
F01935,786527,3146110
F01936,863259,3453036
F01937,5110,20440
F01938,24232,96928
F01939,16230,64922
F01940,8032,32130
F01941,16688,66752
F01942,13611,54444
F01943,258636,1034544
F01944,541209,2164836
F01945,23495,93981
F01946,30364,121458
F01947,1219722,4878888
F01948,172195,688781
F01949,14438,57755
F01950,11000,44001
F01951,236968,947875
F01952,19526,78105
F01953,8860,35440
F01954,877830,3511322
F01955,324873,1299492
F01956,13786,55145
F01957,215556,862224
F01958,21835,87341
F01959,9010,36043
F01960,412825,1651300
F01961,16795,67182
F01962,14184,56738
F01963,176623,706494
F01964,19494,77978
F01965,25174,100696
F01966,148584,594337
F01967,434459,1737837
F01968,8320,33280
F01969,17820,71281
F01970,10714,42857
F01971,10394,41576
F01972,11238,44953
F01973,9127,36509
F01974,18566,74267
F01975,189410,757642
F01976,35651,142604
F01977,7968,31872
F01978,17995,71981
F01979,19472,77888
F01980,1171649,4686599
F01981,439491,1757966
F01982,220230,880923
F01983,628297,2513189
F01984,7629,30516
F01985,10407,41629
F01986,1017464,4069858
F01987,495945,1983780
F01988,15661,62645
F01989,6449,25797
F01990,19553,78212
F01991,12917,51670
F01992,34235,136940
F01993,18140,72562
F01994,11930,47721
F01995,522002,2088009
F01996,15895,63580
F01997,186470,745883
F01998,18704,74817
F01999,8011,32046
F02000,950117,3800468
F02001,10461,41844
F02002,21153,84615
F02003,19910,79640
F02004,23997,95988
F02005,25566,102265
F02006,18482,73928
F02007,6462,25850
F02008,15547,62189
F02009,193804,775216
F02010,6385,25543
F02011,11323,45292
F02012,681477,2725911
F02013,473118,1892472
F02014,24806,99226
F02015,828673,3314692
F02016,105102,420408
F02017,21036,84146
F02018,286712,1146849
F02019,11405,45623
F02020,6251,25004
F02021,432634,1730536
F02022,277909,1111639
F02023,9413,37653
F02024,17964,71857
F02025,9725,38901
F02026,377254,1509016
F02027,12821,51284
F02028,162710,650840
F02029,719821,2879286
F02030,391477,1565911
F02031,16569,66277
F02032,5266,21064
F02033,807667,3230668
F02034,27469,109876
F02035,152339,609356
F02036,485293,1941174
F02037,31214,124858
F02038,11847,47389
F02039,36963,147852
F02040,464534,1858138
F02041,6849,27398
F02042,1242569,4970278
F02043,371932,1487729
F02044,603131,2412524
F02045,4690,18761
F02046,16652,66608
F02047,10248,40992
F02048,29730,118923
F02049,7553,30215
F02050,771373,3085495
F02051,22370,89480
F02052,12086,48345
F02053,7601,30407
F02054,125534,502136
F02055,869887,3479548
F02056,9404,37618
F02057,32861,131446
F02058,361838,1447353
F02059,316199,1264799
F02060,10806,43224
F02061,117899,471596
F02062,718846,2875386
F02063,19597,78388
F02064,1179944,4719779
F02065,5530,22122
F02066,30439,121758
F02067,650550,2602202
F02068,12942,51769
F02069,32443,129775
F02070,390960,1563840
F02071,33072,132289
F02072,117085,468341
F02073,377546,1510184
F02074,11617,46468
F02075,9515,38061
F02076,1299797,5199190
F02077,18913,75654
F02078,9952,39809
F02079,482237,1928950
F02080,19579,78318
F02081,300136,1200544
F02082,4310,17242
F02083,20368,81473
F02084,12766,51064
F02085,5133,20532
F02086,610257,2441028
F02087,296744,1186977
F02088,13744,54976
F02089,422822,1691291
F02090,14192,56768
F02091,219618,878474
F02092,10811,43244
F02093,299732,1198928
F02094,9093,36373
F02095,534394,2137579
F02096,364892,1459568
F02097,12327,49310
F02098,1136357,4545428
F02099,345917,1383669
F02100,17779,71117
F02101,508735,2034941
F02102,30180,120720
F02103,7368,29472
F02104,1327669,5310676
F02105,8856,35427
F02106,15780,63122
F02107,796322,3185290
F02108,19126,76507
F02109,158920,635682
F02110,16607,66430
F02111,6952,27808
F02112,517730,2070920
F02113,11881,47526
F02114,411411,1645644
F02115,308055,1232220
F02116,96625,386500
F02117,16191,64767
F02118,236813,947252
F02119,12407,49629
F02120,5538,22153
F02121,17377,69508
F02122,1023512,4094049
F02123,29558,118232
F02124,38435,153742
F02125,23674,94699
F02126,11194,44776
F02127,174764,699057
F02128,22309,89236
F02129,18865,75461
F02130,8954,35817
F02131,27802,111211
F02132,19989,79956
F02133,137032,548128
F02134,161955,647823
F02135,376675,1506703
F02136,1030146,4120587
F02137,362261,1449047
F02138,19737,78948
F02139,14981,59924
F02140,7834,31338
F02141,27927,111709
F02142,15016,60065
F02143,216019,864076
F02144,8057,32228
F02145,689908,2759635
F02146,3963,15852
F02147,424660,1698641
F02148,33423,133692
F02149,12350,49400
F02150,25816,103267
F02151,17605,70420
F02152,693060,2772242
F02153,17464,69859
F02154,210724,842896
F02155,758997,3035991
F02156,1213414,4853658
F02157,10566,42264
F02158,7211,28845
F02159,30805,123220
F02160,370107,1480430
F02161,5033,20132
F02162,7932,31728
F02163,11057,44229
F02164,3966,15864
F02165,16606,66424
F02166,19683,78732
F02167,144559,578236
F02168,25154,100616
F02169,10121,40484
F02170,30968,123875
F02171,325126,1300507
F02172,257436,1029746
F02173,781561,3126244
F02174,30654,122616
F02175,18814,75257
F02176,11844,47377
F02177,17862,71449
F02178,281924,1127698
F02179,32422,129691
F02180,5019,20077
F02181,11976,47906
F02182,5172,20691
F02183,802158,3208632
F02184,7797,31188
F02185,25364,101459
F02186,7286,29144
F02187,236541,946164
F02188,7228,28915
F02189,7694,30779
F02190,101525,406102
F02191,508608,2034432
F02192,15409,61637
F02193,4856,19424
F02194,9150,36600
F02195,149412,597650
F02196,6790,27162
F02197,5169,20676
F02198,97382,389528
F02199,1160809,4643236
F02200,5897,23590
F02201,8854,35417
F02202,21633,86534
F02203,1329272,5317091
F02204,166928,667712
F02205,706059,2824236
F02206,36592,146368
F02207,324741,1298964
F02208,32324,129299
F02209,31492,125968
F02210,24488,97952
F02211,754924,3019699
F02212,18263,73055
F02213,5816,23266
F02214,16364,65457
F02215,384943,1539774
F02216,515119,2060476
F02217,154656,618625
F02218,24297,97191
F02219,14281,57125
F02220,964879,3859518
F02221,7345,29382
F02222,5158,20633
F02223,15176,60706
F02224,8383,33532
F02225,29673,118694
F02226,12047,48188
F02227,118580,474322
F02228,30004,120017
F02229,207998,831993
F02230,9326,37306
F02231,39962,159848
F02232,200322,801291
F02233,595533,2382132
F02234,9802,39209
F02235,409686,1638744
F02236,4115,16461
F02237,20427,81711
F02238,7308,29234
F02239,349815,1399262
F02240,18886,75547
F02241,158043,632172
F02242,16964,67856
F02243,19866,79464
F02244,14683,58734
F02245,617959,2471836
F02246,15118,60474
F02247,34689,138759
F02248,201658,806634
F02249,322446,1289784
F02250,26465,105862
F02251,366382,1465529
F02252,6425,25702
F02253,9292,37168
F02254,638850,2555400
F02255,383345,1533380
F02256,22956,91824
F02257,789909,3159636
F02258,12616,50466
F02259,6508,26035
F02260,422500,1690000
F02261,385716,1542866
F02262,9973,39893
F02263,1098039,4392157
F02264,9195,36780
F02265,260560,1042243
F02266,33426,133706
F02267,25683,102733
F02268,10533,42132
